نام بیمارستان,تاریخ مصرف,تعداد مصرف
1,2023-01-01,37.0
2,2023-01-01,39.0
3,2023-01-01,118.0
4,2023-01-01,1.0
5,2023-01-01,21.0
6,2023-01-01,4.0
7,2023-01-01,3.0
8,2023-01-01,15.0
9,2023-01-01,15.0
10,2023-01-01,30.0
11,2023-01-01,3.0
12,2023-01-01,4.0
1,2023-01-02,28.0
2,2023-01-02,35.0
3,2023-01-02,111.0
4,2023-01-02,1.0
5,2023-01-02,27.0
6,2023-01-02,4.0
7,2023-01-02,2.0
8,2023-01-02,19.0
9,2023-01-02,16.0
10,2023-01-02,30.0
11,2023-01-02,4.0
12,2023-01-02,3.0
1,2023-01-03,21.0
2,2023-01-03,33.0
3,2023-01-03,111.0
4,2023-01-03,1.0
5,2023-01-03,22.0
6,2023-01-03,4.0
7,2023-01-03,3.0
8,2023-01-03,19.0
9,2023-01-03,17.0
10,2023-01-03,28.0
12,2023-01-03,2.0
1,2023-01-04,22.0
2,2023-01-04,40.0
3,2023-01-04,113.0
4,2023-01-04,1.0
5,2023-01-04,23.0
6,2023-01-04,5.0
7,2023-01-04,4.0
8,2023-01-04,18.0
9,2023-01-04,14.0
10,2023-01-04,28.0
11,2023-01-04,5.0
1,2023-01-05,23.0
2,2023-01-05,33.0
3,2023-01-05,109.0
4,2023-01-05,1.0
5,2023-01-05,18.0
6,2023-01-05,5.0
7,2023-01-05,2.0
8,2023-01-05,18.0
9,2023-01-05,17.0
10,2023-01-05,25.0
11,2023-01-05,4.0
12,2023-01-05,1.0
1,2023-01-06,21.0
2,2023-01-06,28.0
3,2023-01-06,104.0
4,2023-01-06,1.0
5,2023-01-06,20.0
6,2023-01-06,6.0
7,2023-01-06,2.0
8,2023-01-06,17.0
9,2023-01-06,16.0
10,2023-01-06,28.0
11,2023-01-06,4.0
1,2023-01-07,20.0
2,2023-01-07,32.0
3,2023-01-07,104.0
4,2023-01-07,1.0
5,2023-01-07,21.0
6,2023-01-07,5.0
8,2023-01-07,13.0
9,2023-01-07,17.0
10,2023-01-07,26.0
11,2023-01-07,5.0
1,2023-01-08,18.0
3,2023-01-08,100.0
4,2023-01-08,1.0
5,2023-01-08,25.0
6,2023-01-08,5.0
7,2023-01-08,3.0
8,2023-01-08,13.0
9,2023-01-08,17.0
10,2023-01-08,26.0
11,2023-01-08,5.0
12,2023-01-08,1.0
1,2023-01-09,19.0
2,2023-01-09,7.0
3,2023-01-09,101.0
5,2023-01-09,19.0
6,2023-01-09,5.0
7,2023-01-09,3.0
8,2023-01-09,13.0
9,2023-01-09,18.0
10,2023-01-09,26.0
11,2023-01-09,5.0
12,2023-01-09,1.0
1,2023-01-10,18.0
2,2023-01-10,10.0
3,2023-01-10,98.0
4,2023-01-10,1.0
5,2023-01-10,11.0
7,2023-01-10,4.0
8,2023-01-10,13.0
9,2023-01-10,20.0
11,2023-01-10,5.0
12,2023-01-10,1.0
1,2023-01-11,17.0
2,2023-01-11,18.0
3,2023-01-11,101.0
5,2023-01-11,14.0
6,2023-01-11,3.0
8,2023-01-11,10.0
9,2023-01-11,21.0
11,2023-01-11,6.0
12,2023-01-11,1.0
1,2023-01-12,19.0
2,2023-01-12,34.0
3,2023-01-12,102.0
5,2023-01-12,12.0
6,2023-01-12,4.0
7,2023-01-12,3.0
8,2023-01-12,9.0
9,2023-01-12,18.0
11,2023-01-12,6.0
12,2023-01-12,1.0
1,2023-01-13,18.0
2,2023-01-13,37.0
3,2023-01-13,101.0
5,2023-01-13,14.0
6,2023-01-13,4.0
7,2023-01-13,3.0
8,2023-01-13,6.0
9,2023-01-13,15.0
11,2023-01-13,7.0
12,2023-01-13,1.0
1,2023-01-14,16.0
2,2023-01-14,39.0
3,2023-01-14,98.0
5,2023-01-14,13.0
6,2023-01-14,4.0
8,2023-01-14,5.0
9,2023-01-14,14.0
10,2023-01-14,18.0
11,2023-01-14,7.0
12,2023-01-14,1.0
1,2023-01-15,16.0
2,2023-01-15,37.0
3,2023-01-15,97.0
5,2023-01-15,19.0
7,2023-01-15,4.0
8,2023-01-15,5.0
9,2023-01-15,17.0
10,2023-01-15,17.0
11,2023-01-15,8.0
12,2023-01-15,1.0
1,2023-01-16,16.0
2,2023-01-16,34.0
3,2023-01-16,97.0
5,2023-01-16,18.0
6,2023-01-16,4.0
7,2023-01-16,5.0
8,2023-01-16,6.0
9,2023-01-16,19.0
10,2023-01-16,23.0
11,2023-01-16,9.0
12,2023-01-16,1.0
1,2023-01-17,15.0
2,2023-01-17,32.0
3,2023-01-17,93.0
4,2023-01-17,1.0
5,2023-01-17,21.0
6,2023-01-17,5.0
7,2023-01-17,6.0
8,2023-01-17,7.0
9,2023-01-17,18.0
10,2023-01-17,24.0
11,2023-01-17,9.0
12,2023-01-17,1.0
1,2023-01-18,16.0
2,2023-01-18,31.0
3,2023-01-18,85.0
4,2023-01-18,1.0
5,2023-01-18,19.0
6,2023-01-18,5.0
7,2023-01-18,5.0
8,2023-01-18,9.0
9,2023-01-18,17.0
10,2023-01-18,25.0
11,2023-01-18,10.0
12,2023-01-18,1.0
1,2023-01-19,17.0
2,2023-01-19,33.0
3,2023-01-19,78.0
5,2023-01-19,18.0
6,2023-01-19,5.0
7,2023-01-19,5.0
8,2023-01-19,10.0
9,2023-01-19,19.0
10,2023-01-19,23.0
11,2023-01-19,10.0
12,2023-01-19,1.0
1,2023-01-20,18.0
2,2023-01-20,33.0
3,2023-01-20,75.0
5,2023-01-20,18.0
6,2023-01-20,5.0
7,2023-01-20,5.0
8,2023-01-20,9.0
9,2023-01-20,16.0
10,2023-01-20,24.0
11,2023-01-20,10.0
1,2023-01-21,16.0
3,2023-01-21,74.0
5,2023-01-21,18.0
6,2023-01-21,5.0
8,2023-01-21,9.0
9,2023-01-21,14.0
10,2023-01-21,27.0
11,2023-01-21,11.0
1,2023-01-22,15.0
2,2023-01-22,13.0
3,2023-01-22,80.0
5,2023-01-22,22.0
6,2023-01-22,5.0
7,2023-01-22,4.0
8,2023-01-22,9.0
9,2023-01-22,16.0
10,2023-01-22,27.0
11,2023-01-22,11.0
12,2023-01-22,1.0
1,2023-01-23,16.0
3,2023-01-23,73.0
4,2023-01-23,2.0
5,2023-01-23,22.0
6,2023-01-23,5.0
7,2023-01-23,6.0
8,2023-01-23,11.0
9,2023-01-23,20.0
10,2023-01-23,28.0
11,2023-01-23,11.0
12,2023-01-23,1.0
1,2023-01-24,18.0
3,2023-01-24,75.0
5,2023-01-24,15.0
6,2023-01-24,5.0
7,2023-01-24,7.0
8,2023-01-24,13.0
9,2023-01-24,21.0
10,2023-01-24,25.0
11,2023-01-24,10.0
12,2023-01-24,1.0
1,2023-01-25,18.0
3,2023-01-25,76.0
5,2023-01-25,15.0
6,2023-01-25,5.0
7,2023-01-25,6.0
8,2023-01-25,14.0
9,2023-01-25,19.0
10,2023-01-25,26.0
11,2023-01-25,9.0
12,2023-01-25,1.0
1,2023-01-26,18.0
3,2023-01-26,71.0
5,2023-01-26,19.0
6,2023-01-26,5.0
7,2023-01-26,6.0
8,2023-01-26,14.0
9,2023-01-26,19.0
10,2023-01-26,27.0
11,2023-01-26,8.0
12,2023-01-26,1.0
1,2023-01-27,20.0
3,2023-01-27,73.0
5,2023-01-27,22.0
6,2023-01-27,4.0
7,2023-01-27,5.0
8,2023-01-27,13.0
9,2023-01-27,22.0
10,2023-01-27,26.0
11,2023-01-27,8.0
12,2023-01-27,1.0
1,2023-01-28,22.0
3,2023-01-28,77.0
5,2023-01-28,26.0
6,2023-01-28,4.0
8,2023-01-28,11.0
9,2023-01-28,23.0
10,2023-01-28,27.0
11,2023-01-28,8.0
12,2023-01-28,1.0
1,2023-01-29,24.0
3,2023-01-29,76.0
5,2023-01-29,27.0
6,2023-01-29,4.0
7,2023-01-29,4.0
8,2023-01-29,8.0
9,2023-01-29,22.0
10,2023-01-29,27.0
11,2023-01-29,7.0
12,2023-01-29,1.0
1,2023-01-30,25.0
3,2023-01-30,79.0
5,2023-01-30,25.0
6,2023-01-30,5.0
7,2023-01-30,6.0
8,2023-01-30,8.0
9,2023-01-30,24.0
10,2023-01-30,28.0
11,2023-01-30,7.0
12,2023-01-30,1.0
1,2023-01-31,25.0
2,2023-01-31,10.0
3,2023-01-31,81.0
4,2023-01-31,2.0
5,2023-01-31,20.0
6,2023-01-31,5.0
7,2023-01-31,6.0
8,2023-01-31,5.0
9,2023-01-31,26.0
10,2023-01-31,27.0
11,2023-01-31,7.0
12,2023-01-31,1.0
1,2023-02-01,20.0
2,2023-02-01,25.0
3,2023-02-01,80.0
4,2023-02-01,2.0
5,2023-02-01,19.0
6,2023-02-01,5.0
7,2023-02-01,6.0
8,2023-02-01,5.0
9,2023-02-01,22.0
10,2023-02-01,26.0
11,2023-02-01,6.0
12,2023-02-01,1.0
1,2023-02-02,19.0
2,2023-02-02,26.0
3,2023-02-02,78.0
4,2023-02-02,2.0
5,2023-02-02,18.0
6,2023-02-02,5.0
7,2023-02-02,6.0
8,2023-02-02,6.0
9,2023-02-02,22.0
10,2023-02-02,26.0
11,2023-02-02,6.0
12,2023-02-02,1.0
1,2023-02-03,17.0
2,2023-02-03,25.0
3,2023-02-03,77.0
5,2023-02-03,22.0
6,2023-02-03,5.0
7,2023-02-03,6.0
8,2023-02-03,6.0
9,2023-02-03,19.0
10,2023-02-03,26.0
11,2023-02-03,6.0
12,2023-02-03,1.0
1,2023-02-04,14.0
2,2023-02-04,27.0
3,2023-02-04,78.0
5,2023-02-04,28.0
6,2023-02-04,5.0
7,2023-02-04,4.0
8,2023-02-04,6.0
9,2023-02-04,19.0
10,2023-02-04,26.0
11,2023-02-04,6.0
1,2023-02-05,16.0
2,2023-02-05,30.0
3,2023-02-05,80.0
4,2023-02-05,1.0
5,2023-02-05,30.0
6,2023-02-05,6.0
7,2023-02-05,6.0
8,2023-02-05,6.0
9,2023-02-05,19.0
10,2023-02-05,26.0
11,2023-02-05,7.0
12,2023-02-05,1.0
1,2023-02-06,17.0
2,2023-02-06,31.0
3,2023-02-06,79.0
5,2023-02-06,26.0
6,2023-02-06,6.0
7,2023-02-06,5.0
8,2023-02-06,6.0
9,2023-02-06,16.0
10,2023-02-06,27.0
11,2023-02-06,9.0
12,2023-02-06,1.0
1,2023-02-07,18.0
2,2023-02-07,34.0
3,2023-02-07,80.0
5,2023-02-07,24.0
6,2023-02-07,6.0
7,2023-02-07,5.0
8,2023-02-07,6.0
9,2023-02-07,14.0
10,2023-02-07,27.0
11,2023-02-07,8.0
12,2023-02-07,1.0
1,2023-02-08,19.0
2,2023-02-08,36.0
3,2023-02-08,80.0
4,2023-02-08,1.0
5,2023-02-08,20.0
6,2023-02-08,5.0
8,2023-02-08,6.0
9,2023-02-08,17.0
10,2023-02-08,27.0
11,2023-02-08,9.0
12,2023-02-08,1.0
1,2023-02-09,21.0
2,2023-02-09,37.0
3,2023-02-09,78.0
4,2023-02-09,1.0
5,2023-02-09,17.0
6,2023-02-09,4.0
7,2023-02-09,4.0
8,2023-02-09,6.0
9,2023-02-09,19.0
10,2023-02-09,27.0
12,2023-02-09,1.0
1,2023-02-10,20.0
2,2023-02-10,36.0
3,2023-02-10,75.0
4,2023-02-10,2.0
5,2023-02-10,13.0
6,2023-02-10,4.0
7,2023-02-10,4.0
8,2023-02-10,7.0
9,2023-02-10,17.0
10,2023-02-10,27.0
12,2023-02-10,1.0
1,2023-02-11,17.0
2,2023-02-11,35.0
3,2023-02-11,75.0
4,2023-02-11,1.0
5,2023-02-11,21.0
6,2023-02-11,3.0
8,2023-02-11,7.0
9,2023-02-11,14.0
10,2023-02-11,25.0
11,2023-02-11,7.0
12,2023-02-11,1.0
1,2023-02-12,15.0
2,2023-02-12,37.0
3,2023-02-12,77.0
5,2023-02-12,27.0
6,2023-02-12,4.0
8,2023-02-12,8.0
9,2023-02-12,14.0
10,2023-02-12,25.0
11,2023-02-12,7.0
12,2023-02-12,1.0
1,2023-02-13,16.0
2,2023-02-13,38.0
3,2023-02-13,76.0
4,2023-02-13,1.0
5,2023-02-13,27.0
6,2023-02-13,4.0
7,2023-02-13,3.0
8,2023-02-13,9.0
9,2023-02-13,18.0
10,2023-02-13,24.0
12,2023-02-13,1.0
1,2023-02-14,15.0
2,2023-02-14,38.0
3,2023-02-14,75.0
4,2023-02-14,2.0
5,2023-02-14,20.0
6,2023-02-14,5.0
7,2023-02-14,3.0
8,2023-02-14,9.0
9,2023-02-14,17.0
10,2023-02-14,23.0
11,2023-02-14,5.0
12,2023-02-14,1.0
1,2023-02-15,14.0
2,2023-02-15,37.0
3,2023-02-15,74.0
5,2023-02-15,17.0
6,2023-02-15,5.0
7,2023-02-15,2.0
8,2023-02-15,9.0
9,2023-02-15,15.0
10,2023-02-15,23.0
11,2023-02-15,6.0
12,2023-02-15,1.0
1,2023-02-16,14.0
2,2023-02-16,36.0
3,2023-02-16,74.0
5,2023-02-16,17.0
6,2023-02-16,5.0
7,2023-02-16,3.0
8,2023-02-16,8.0
9,2023-02-16,16.0
10,2023-02-16,24.0
11,2023-02-16,5.0
12,2023-02-16,1.0
1,2023-02-17,15.0
2,2023-02-17,33.0
3,2023-02-17,68.0
5,2023-02-17,18.0
6,2023-02-17,5.0
7,2023-02-17,6.0
8,2023-02-17,7.0
9,2023-02-17,14.0
10,2023-02-17,24.0
11,2023-02-17,4.0
12,2023-02-17,1.0
1,2023-02-18,14.0
2,2023-02-18,31.0
3,2023-02-18,68.0
5,2023-02-18,20.0
6,2023-02-18,5.0
8,2023-02-18,6.0
10,2023-02-18,24.0
11,2023-02-18,6.0
12,2023-02-18,1.0
1,2023-02-19,16.0
2,2023-02-19,31.0
3,2023-02-19,70.0
5,2023-02-19,27.0
6,2023-02-19,5.0
8,2023-02-19,6.0
9,2023-02-19,13.0
10,2023-02-19,25.0
11,2023-02-19,7.0
12,2023-02-19,1.0
1,2023-02-20,19.0
2,2023-02-20,29.0
3,2023-02-20,71.0
5,2023-02-20,24.0
6,2023-02-20,6.0
7,2023-02-20,4.0
8,2023-02-20,6.0
9,2023-02-20,18.0
10,2023-02-20,25.0
11,2023-02-20,6.0
12,2023-02-20,1.0
1,2023-02-21,20.0
2,2023-02-21,26.0
3,2023-02-21,72.0
4,2023-02-21,1.0
5,2023-02-21,17.0
6,2023-02-21,6.0
7,2023-02-21,3.0
8,2023-02-21,5.0
9,2023-02-21,15.0
10,2023-02-21,25.0
11,2023-02-21,6.0
12,2023-02-21,1.0
1,2023-02-22,19.0
2,2023-02-22,26.0
3,2023-02-22,72.0
4,2023-02-22,1.0
5,2023-02-22,17.0
6,2023-02-22,6.0
7,2023-02-22,3.0
8,2023-02-22,6.0
9,2023-02-22,17.0
10,2023-02-22,25.0
11,2023-02-22,6.0
12,2023-02-22,1.0
1,2023-02-23,22.0
2,2023-02-23,25.0
3,2023-02-23,71.0
4,2023-02-23,1.0
5,2023-02-23,19.0
6,2023-02-23,5.0
7,2023-02-23,3.0
8,2023-02-23,6.0
9,2023-02-23,16.0
10,2023-02-23,26.0
11,2023-02-23,5.0
12,2023-02-23,1.0
1,2023-02-24,22.0
2,2023-02-24,23.0
3,2023-02-24,69.0
5,2023-02-24,20.0
6,2023-02-24,4.0
8,2023-02-24,6.0
9,2023-02-24,15.0
10,2023-02-24,25.0
12,2023-02-24,1.0
1,2023-02-25,19.0
2,2023-02-25,25.0
3,2023-02-25,70.0
4,2023-02-25,1.0
5,2023-02-25,25.0
6,2023-02-25,4.0
7,2023-02-25,2.0
8,2023-02-25,6.0
9,2023-02-25,17.0
10,2023-02-25,26.0
11,2023-02-25,5.0
12,2023-02-25,1.0
1,2023-02-26,20.0
2,2023-02-26,30.0
3,2023-02-26,73.0
4,2023-02-26,2.0
5,2023-02-26,32.0
6,2023-02-26,5.0
7,2023-02-26,2.0
8,2023-02-26,7.0
9,2023-02-26,19.0
10,2023-02-26,27.0
11,2023-02-26,5.0
12,2023-02-26,1.0
1,2023-02-27,18.0
2,2023-02-27,35.0
3,2023-02-27,76.0
4,2023-02-27,2.0
5,2023-02-27,24.0
6,2023-02-27,5.0
7,2023-02-27,3.0
8,2023-02-27,7.0
9,2023-02-27,21.0
10,2023-02-27,27.0
11,2023-02-27,4.0
12,2023-02-27,1.0
1,2023-02-28,14.0
2,2023-02-28,38.0
3,2023-02-28,78.0
4,2023-02-28,2.0
5,2023-02-28,26.0
6,2023-02-28,5.0
7,2023-02-28,3.0
8,2023-02-28,9.0
9,2023-02-28,20.0
10,2023-02-28,27.0
11,2023-02-28,4.0
12,2023-02-28,1.0
1,2023-03-01,13.0
2,2023-03-01,40.0
3,2023-03-01,79.0
5,2023-03-01,24.0
6,2023-03-01,5.0
7,2023-03-01,5.0
8,2023-03-01,9.0
9,2023-03-01,17.0
10,2023-03-01,27.0
11,2023-03-01,4.0
12,2023-03-01,1.0
1,2023-03-02,14.0
2,2023-03-02,36.0
3,2023-03-02,79.0
5,2023-03-02,23.0
6,2023-03-02,5.0
7,2023-03-02,4.0
8,2023-03-02,9.0
9,2023-03-02,17.0
10,2023-03-02,27.0
11,2023-03-02,4.0
1,2023-03-03,15.0
2,2023-03-03,32.0
3,2023-03-03,77.0
5,2023-03-03,22.0
6,2023-03-03,4.0
7,2023-03-03,3.0
8,2023-03-03,9.0
9,2023-03-03,16.0
10,2023-03-03,27.0
11,2023-03-03,3.0
12,2023-03-03,1.0
1,2023-03-04,15.0
2,2023-03-04,27.0
3,2023-03-04,79.0
5,2023-03-04,26.0
6,2023-03-04,4.0
7,2023-03-04,4.0
8,2023-03-04,8.0
9,2023-03-04,14.0
10,2023-03-04,27.0
11,2023-03-04,4.0
12,2023-03-04,1.0
1,2023-03-05,15.0
2,2023-03-05,31.0
3,2023-03-05,83.0
5,2023-03-05,31.0
6,2023-03-05,5.0
7,2023-03-05,5.0
8,2023-03-05,8.0
9,2023-03-05,16.0
10,2023-03-05,28.0
11,2023-03-05,4.0
12,2023-03-05,1.0
1,2023-03-06,16.0
3,2023-03-06,85.0
4,2023-03-06,1.0
5,2023-03-06,29.0
6,2023-03-06,5.0
7,2023-03-06,7.0
8,2023-03-06,8.0
9,2023-03-06,18.0
10,2023-03-06,29.0
11,2023-03-06,5.0
12,2023-03-06,1.0
1,2023-03-07,18.0
3,2023-03-07,86.0
4,2023-03-07,1.0
5,2023-03-07,21.0
6,2023-03-07,5.0
7,2023-03-07,7.0
8,2023-03-07,9.0
9,2023-03-07,18.0
10,2023-03-07,29.0
11,2023-03-07,5.0
12,2023-03-07,1.0
1,2023-03-08,17.0
2,2023-03-08,13.0
3,2023-03-08,85.0
5,2023-03-08,22.0
6,2023-03-08,5.0
7,2023-03-08,7.0
8,2023-03-08,8.0
9,2023-03-08,17.0
10,2023-03-08,29.0
11,2023-03-08,6.0
12,2023-03-08,1.0
1,2023-03-09,17.0
2,2023-03-09,20.0
3,2023-03-09,83.0
4,2023-03-09,1.0
5,2023-03-09,23.0
6,2023-03-09,5.0
8,2023-03-09,8.0
9,2023-03-09,15.0
10,2023-03-09,30.0
11,2023-03-09,6.0
12,2023-03-09,1.0
1,2023-03-10,16.0
2,2023-03-10,30.0
3,2023-03-10,79.0
4,2023-03-10,1.0
5,2023-03-10,17.0
7,2023-03-10,3.0
8,2023-03-10,7.0
9,2023-03-10,16.0
10,2023-03-10,30.0
11,2023-03-10,6.0
12,2023-03-10,1.0
1,2023-03-11,13.0
2,2023-03-11,33.0
3,2023-03-11,80.0
4,2023-03-11,2.0
5,2023-03-11,20.0
6,2023-03-11,3.0
7,2023-03-11,3.0
8,2023-03-11,6.0
9,2023-03-11,14.0
10,2023-03-11,30.0
11,2023-03-11,7.0
12,2023-03-11,1.0
1,2023-03-12,14.0
2,2023-03-12,39.0
3,2023-03-12,83.0
5,2023-03-12,18.0
6,2023-03-12,4.0
7,2023-03-12,3.0
8,2023-03-12,6.0
9,2023-03-12,14.0
10,2023-03-12,31.0
11,2023-03-12,8.0
12,2023-03-12,1.0
1,2023-03-13,17.0
2,2023-03-13,43.0
3,2023-03-13,83.0
4,2023-03-13,1.0
5,2023-03-13,14.0
6,2023-03-13,5.0
7,2023-03-13,4.0
8,2023-03-13,6.0
9,2023-03-13,14.0
10,2023-03-13,31.0
11,2023-03-13,9.0
12,2023-03-13,1.0
1,2023-03-14,16.0
2,2023-03-14,41.0
3,2023-03-14,80.0
4,2023-03-14,1.0
5,2023-03-14,13.0
6,2023-03-14,5.0
7,2023-03-14,5.0
8,2023-03-14,8.0
9,2023-03-14,14.0
10,2023-03-14,31.0
11,2023-03-14,8.0
12,2023-03-14,1.0
1,2023-03-15,15.0
2,2023-03-15,39.0
3,2023-03-15,82.0
4,2023-03-15,1.0
5,2023-03-15,13.0
6,2023-03-15,5.0
7,2023-03-15,5.0
8,2023-03-15,7.0
9,2023-03-15,14.0
10,2023-03-15,31.0
11,2023-03-15,7.0
12,2023-03-15,1.0
1,2023-03-16,17.0
2,2023-03-16,39.0
3,2023-03-16,82.0
4,2023-03-16,1.0
5,2023-03-16,14.0
6,2023-03-16,5.0
8,2023-03-16,8.0
9,2023-03-16,11.0
10,2023-03-16,31.0
11,2023-03-16,7.0
12,2023-03-16,1.0
1,2023-03-17,17.0
2,2023-03-17,37.0
3,2023-03-17,80.0
4,2023-03-17,1.0
5,2023-03-17,13.0
7,2023-03-17,3.0
8,2023-03-17,7.0
9,2023-03-17,12.0
10,2023-03-17,30.0
11,2023-03-17,7.0
12,2023-03-17,1.0
1,2023-03-18,14.0
2,2023-03-18,37.0
3,2023-03-18,82.0
4,2023-03-18,1.0
5,2023-03-18,18.0
6,2023-03-18,4.0
7,2023-03-18,3.0
8,2023-03-18,7.0
9,2023-03-18,11.0
10,2023-03-18,31.0
11,2023-03-18,6.0
12,2023-03-18,1.0
1,2023-03-19,16.0
2,2023-03-19,43.0
3,2023-03-19,85.0
4,2023-03-19,1.0
5,2023-03-19,24.0
6,2023-03-19,4.0
8,2023-03-19,8.0
9,2023-03-19,14.0
10,2023-03-19,31.0
11,2023-03-19,6.0
12,2023-03-19,1.0
1,2023-03-20,18.0
2,2023-03-20,44.0
3,2023-03-20,86.0
5,2023-03-20,25.0
6,2023-03-20,5.0
8,2023-03-20,9.0
9,2023-03-20,16.0
10,2023-03-20,30.0
11,2023-03-20,5.0
12,2023-03-20,1.0
1,2023-03-21,17.0
2,2023-03-21,39.0
3,2023-03-21,85.0
5,2023-03-21,19.0
6,2023-03-21,5.0
7,2023-03-21,3.0
8,2023-03-21,9.0
9,2023-03-21,15.0
10,2023-03-21,30.0
11,2023-03-21,5.0
12,2023-03-21,1.0
1,2023-03-22,15.0
2,2023-03-22,38.0
3,2023-03-22,81.0
5,2023-03-22,17.0
6,2023-03-22,5.0
8,2023-03-22,10.0
9,2023-03-22,13.0
10,2023-03-22,30.0
11,2023-03-22,5.0
12,2023-03-22,1.0
1,2023-03-23,16.0
2,2023-03-23,39.0
3,2023-03-23,77.0
4,2023-03-23,1.0
5,2023-03-23,18.0
6,2023-03-23,5.0
8,2023-03-23,10.0
9,2023-03-23,12.0
10,2023-03-23,30.0
11,2023-03-23,5.0
12,2023-03-23,1.0
1,2023-03-24,16.0
2,2023-03-24,39.0
3,2023-03-24,73.0
4,2023-03-24,1.0
5,2023-03-24,17.0
6,2023-03-24,5.0
8,2023-03-24,10.0
9,2023-03-24,14.0
10,2023-03-24,30.0
11,2023-03-24,5.0
12,2023-03-24,1.0
1,2023-03-25,15.0
2,2023-03-25,41.0
3,2023-03-25,73.0
5,2023-03-25,18.0
6,2023-03-25,5.0
8,2023-03-25,10.0
9,2023-03-25,13.0
10,2023-03-25,30.0
11,2023-03-25,6.0
12,2023-03-25,1.0
1,2023-03-26,17.0
2,2023-03-26,46.0
3,2023-03-26,74.0
5,2023-03-26,15.0
6,2023-03-26,5.0
8,2023-03-26,10.0
9,2023-03-26,15.0
10,2023-03-26,31.0
11,2023-03-26,6.0
12,2023-03-26,1.0
1,2023-03-27,17.0
2,2023-03-27,45.0
3,2023-03-27,74.0
4,2023-03-27,1.0
5,2023-03-27,14.0
6,2023-03-27,5.0
8,2023-03-27,10.0
9,2023-03-27,14.0
10,2023-03-27,30.0
11,2023-03-27,7.0
12,2023-03-27,1.0
1,2023-03-28,17.0
2,2023-03-28,41.0
3,2023-03-28,75.0
4,2023-03-28,1.0
5,2023-03-28,18.0
6,2023-03-28,5.0
8,2023-03-28,11.0
9,2023-03-28,15.0
10,2023-03-28,30.0
11,2023-03-28,8.0
12,2023-03-28,1.0
1,2023-03-29,17.0
2,2023-03-29,41.0
3,2023-03-29,75.0
4,2023-03-29,1.0
5,2023-03-29,25.0
6,2023-03-29,5.0
8,2023-03-29,13.0
9,2023-03-29,14.0
10,2023-03-29,31.0
11,2023-03-29,8.0
12,2023-03-29,1.0
1,2023-03-30,19.0
2,2023-03-30,44.0
3,2023-03-30,76.0
4,2023-03-30,1.0
5,2023-03-30,29.0
6,2023-03-30,4.0
8,2023-03-30,10.0
9,2023-03-30,13.0
10,2023-03-30,32.0
11,2023-03-30,8.0
12,2023-03-30,1.0
1,2023-03-31,19.0
2,2023-03-31,44.0
3,2023-03-31,79.0
4,2023-03-31,1.0
5,2023-03-31,22.0
6,2023-03-31,4.0
8,2023-03-31,9.0
9,2023-03-31,14.0
10,2023-03-31,32.0
11,2023-03-31,8.0
12,2023-03-31,1.0
1,2023-04-01,19.0
2,2023-04-01,42.0
3,2023-04-01,82.0
4,2023-04-01,1.0
5,2023-04-01,22.0
8,2023-04-01,8.0
9,2023-04-01,14.0
10,2023-04-01,30.0
11,2023-04-01,9.0
12,2023-04-01,1.0
1,2023-04-02,21.0
2,2023-04-02,45.0
3,2023-04-02,86.0
4,2023-04-02,1.0
5,2023-04-02,25.0
6,2023-04-02,4.0
8,2023-04-02,8.0
9,2023-04-02,15.0
10,2023-04-02,30.0
11,2023-04-02,9.0
12,2023-04-02,1.0
1,2023-04-03,21.0
2,2023-04-03,45.0
3,2023-04-03,83.0
4,2023-04-03,1.0
5,2023-04-03,25.0
8,2023-04-03,7.0
9,2023-04-03,15.0
10,2023-04-03,29.0
11,2023-04-03,8.0
12,2023-04-03,1.0
1,2023-04-04,20.0
2,2023-04-04,46.0
3,2023-04-04,86.0
4,2023-04-04,1.0
5,2023-04-04,26.0
6,2023-04-04,4.0
7,2023-04-04,1.0
8,2023-04-04,7.0
9,2023-04-04,16.0
10,2023-04-04,29.0
11,2023-04-04,8.0
12,2023-04-04,1.0
1,2023-04-05,21.0
2,2023-04-05,47.0
3,2023-04-05,90.0
4,2023-04-05,1.0
6,2023-04-05,4.0
7,2023-04-05,1.0
8,2023-04-05,7.0
9,2023-04-05,16.0
10,2023-04-05,31.0
11,2023-04-05,7.0
12,2023-04-05,1.0
1,2023-04-06,22.0
2,2023-04-06,47.0
3,2023-04-06,93.0
6,2023-04-06,4.0
7,2023-04-06,1.0
8,2023-04-06,7.0
9,2023-04-06,15.0
10,2023-04-06,31.0
11,2023-04-06,7.0
12,2023-04-06,1.0
1,2023-04-07,22.0
2,2023-04-07,45.0
3,2023-04-07,92.0
4,2023-04-07,1.0
6,2023-04-07,5.0
7,2023-04-07,2.0
8,2023-04-07,7.0
9,2023-04-07,14.0
10,2023-04-07,31.0
11,2023-04-07,7.0
12,2023-04-07,1.0
1,2023-04-08,22.0
2,2023-04-08,43.0
3,2023-04-08,94.0
4,2023-04-08,1.0
5,2023-04-08,24.0
6,2023-04-08,7.0
7,2023-04-08,2.0
8,2023-04-08,7.0
9,2023-04-08,14.0
10,2023-04-08,31.0
11,2023-04-08,7.0
12,2023-04-08,1.0
1,2023-04-09,21.0
2,2023-04-09,47.0
3,2023-04-09,101.0
6,2023-04-09,7.0
7,2023-04-09,2.0
8,2023-04-09,8.0
9,2023-04-09,17.0
10,2023-04-09,32.0
11,2023-04-09,6.0
12,2023-04-09,1.0
1,2023-04-10,23.0
2,2023-04-10,45.0
3,2023-04-10,104.0
4,2023-04-10,1.0
6,2023-04-10,7.0
7,2023-04-10,2.0
8,2023-04-10,8.0
9,2023-04-10,20.0
10,2023-04-10,32.0
11,2023-04-10,6.0
12,2023-04-10,1.0
1,2023-04-11,19.0
2,2023-04-11,45.0
3,2023-04-11,105.0
4,2023-04-11,1.0
6,2023-04-11,6.0
7,2023-04-11,3.0
8,2023-04-11,8.0
9,2023-04-11,18.0
10,2023-04-11,31.0
11,2023-04-11,6.0
12,2023-04-11,1.0
1,2023-04-12,20.0
2,2023-04-12,44.0
3,2023-04-12,104.0
6,2023-04-12,5.0
7,2023-04-12,4.0
8,2023-04-12,9.0
9,2023-04-12,19.0
10,2023-04-12,31.0
11,2023-04-12,6.0
12,2023-04-12,1.0
1,2023-04-13,19.0
2,2023-04-13,45.0
3,2023-04-13,102.0
4,2023-04-13,1.0
5,2023-04-13,11.0
6,2023-04-13,4.0
8,2023-04-13,9.0
9,2023-04-13,19.0
10,2023-04-13,32.0
12,2023-04-13,1.0
1,2023-04-14,19.0
2,2023-04-14,42.0
3,2023-04-14,96.0
4,2023-04-14,1.0
5,2023-04-14,15.0
6,2023-04-14,3.0
7,2023-04-14,4.0
8,2023-04-14,9.0
9,2023-04-14,15.0
10,2023-04-14,32.0
11,2023-04-14,6.0
12,2023-04-14,1.0
1,2023-04-15,16.0
2,2023-04-15,42.0
3,2023-04-15,95.0
5,2023-04-15,16.0
6,2023-04-15,4.0
8,2023-04-15,9.0
9,2023-04-15,13.0
10,2023-04-15,32.0
11,2023-04-15,6.0
12,2023-04-15,1.0
1,2023-04-16,18.0
2,2023-04-16,42.0
3,2023-04-16,101.0
5,2023-04-16,16.0
6,2023-04-16,4.0
8,2023-04-16,9.0
9,2023-04-16,17.0
10,2023-04-16,31.0
11,2023-04-16,7.0
12,2023-04-16,1.0
1,2023-04-17,18.0
2,2023-04-17,40.0
3,2023-04-17,102.0
5,2023-04-17,16.0
6,2023-04-17,5.0
7,2023-04-17,2.0
8,2023-04-17,9.0
9,2023-04-17,15.0
11,2023-04-17,8.0
12,2023-04-17,1.0
1,2023-04-18,18.0
2,2023-04-18,42.0
3,2023-04-18,104.0
4,2023-04-18,1.0
5,2023-04-18,19.0
6,2023-04-18,6.0
7,2023-04-18,2.0
8,2023-04-18,8.0
9,2023-04-18,17.0
11,2023-04-18,7.0
12,2023-04-18,1.0
1,2023-04-19,19.0
2,2023-04-19,35.0
3,2023-04-19,101.0
4,2023-04-19,1.0
5,2023-04-19,21.0
6,2023-04-19,6.0
7,2023-04-19,2.0
8,2023-04-19,7.0
9,2023-04-19,15.0
10,2023-04-19,25.0
12,2023-04-19,1.0
1,2023-04-20,18.0
2,2023-04-20,38.0
3,2023-04-20,99.0
5,2023-04-20,21.0
6,2023-04-20,6.0
7,2023-04-20,1.0
8,2023-04-20,7.0
9,2023-04-20,12.0
10,2023-04-20,29.0
11,2023-04-20,6.0
12,2023-04-20,1.0
1,2023-04-21,21.0
2,2023-04-21,37.0
3,2023-04-21,95.0
5,2023-04-21,22.0
6,2023-04-21,5.0
7,2023-04-21,2.0
8,2023-04-21,6.0
9,2023-04-21,10.0
10,2023-04-21,32.0
12,2023-04-21,1.0
1,2023-04-22,20.0
2,2023-04-22,42.0
3,2023-04-22,96.0
5,2023-04-22,22.0
7,2023-04-22,1.0
8,2023-04-22,6.0
9,2023-04-22,11.0
10,2023-04-22,34.0
11,2023-04-22,7.0
12,2023-04-22,1.0
1,2023-04-23,19.0
2,2023-04-23,45.0
3,2023-04-23,99.0
4,2023-04-23,1.0
5,2023-04-23,26.0
8,2023-04-23,6.0
9,2023-04-23,12.0
10,2023-04-23,36.0
11,2023-04-23,7.0
1,2023-04-24,20.0
2,2023-04-24,45.0
3,2023-04-24,98.0
5,2023-04-24,35.0
6,2023-04-24,4.0
8,2023-04-24,7.0
9,2023-04-24,15.0
10,2023-04-24,37.0
11,2023-04-24,6.0
12,2023-04-24,1.0
1,2023-04-25,17.0
2,2023-04-25,41.0
3,2023-04-25,100.0
4,2023-04-25,1.0
5,2023-04-25,35.0
6,2023-04-25,4.0
7,2023-04-25,2.0
8,2023-04-25,8.0
9,2023-04-25,18.0
10,2023-04-25,35.0
11,2023-04-25,5.0
12,2023-04-25,1.0
1,2023-04-26,19.0
2,2023-04-26,40.0
3,2023-04-26,97.0
4,2023-04-26,1.0
5,2023-04-26,31.0
6,2023-04-26,4.0
7,2023-04-26,2.0
8,2023-04-26,8.0
9,2023-04-26,16.0
10,2023-04-26,35.0
11,2023-04-26,5.0
12,2023-04-26,1.0
1,2023-04-27,20.0
2,2023-04-27,39.0
3,2023-04-27,98.0
5,2023-04-27,29.0
6,2023-04-27,5.0
7,2023-04-27,2.0
8,2023-04-27,8.0
9,2023-04-27,16.0
10,2023-04-27,35.0
11,2023-04-27,5.0
12,2023-04-27,1.0
1,2023-04-28,20.0
2,2023-04-28,32.0
3,2023-04-28,90.0
5,2023-04-28,22.0
6,2023-04-28,5.0
7,2023-04-28,3.0
8,2023-04-28,8.0
9,2023-04-28,16.0
10,2023-04-28,34.0
12,2023-04-28,1.0
1,2023-04-29,18.0
2,2023-04-29,34.0
3,2023-04-29,94.0
5,2023-04-29,23.0
6,2023-04-29,5.0
7,2023-04-29,3.0
8,2023-04-29,8.0
9,2023-04-29,15.0
10,2023-04-29,33.0
11,2023-04-29,6.0
12,2023-04-29,1.0
1,2023-04-30,17.0
2,2023-04-30,37.0
3,2023-04-30,104.0
5,2023-04-30,30.0
6,2023-04-30,5.0
7,2023-04-30,3.0
8,2023-04-30,8.0
9,2023-04-30,16.0
11,2023-04-30,6.0
12,2023-04-30,1.0
1,2023-05-01,21.0
2,2023-05-01,39.0
3,2023-05-01,107.0
4,2023-05-01,1.0
5,2023-05-01,26.0
6,2023-05-01,6.0
7,2023-05-01,4.0
8,2023-05-01,9.0
9,2023-05-01,15.0
11,2023-05-01,5.0
1,2023-05-02,22.0
2,2023-05-02,39.0
3,2023-05-02,108.0
4,2023-05-02,1.0
5,2023-05-02,22.0
6,2023-05-02,5.0
7,2023-05-02,5.0
8,2023-05-02,10.0
9,2023-05-02,16.0
10,2023-05-02,29.0
11,2023-05-02,6.0
12,2023-05-02,1.0
1,2023-05-03,20.0
2,2023-05-03,39.0
3,2023-05-03,106.0
5,2023-05-03,22.0
6,2023-05-03,4.0
7,2023-05-03,5.0
8,2023-05-03,10.0
9,2023-05-03,17.0
10,2023-05-03,35.0
11,2023-05-03,6.0
12,2023-05-03,1.0
1,2023-05-04,24.0
2,2023-05-04,39.0
3,2023-05-04,103.0
5,2023-05-04,27.0
6,2023-05-04,4.0
7,2023-05-04,5.0
8,2023-05-04,10.0
9,2023-05-04,15.0
10,2023-05-04,36.0
11,2023-05-04,5.0
12,2023-05-04,1.0
1,2023-05-05,22.0
2,2023-05-05,35.0
3,2023-05-05,94.0
5,2023-05-05,19.0
6,2023-05-05,3.0
7,2023-05-05,7.0
8,2023-05-05,10.0
9,2023-05-05,14.0
10,2023-05-05,38.0
11,2023-05-05,5.0
12,2023-05-05,1.0
1,2023-05-06,20.0
2,2023-05-06,37.0
3,2023-05-06,95.0
6,2023-05-06,4.0
7,2023-05-06,8.0
8,2023-05-06,10.0
9,2023-05-06,14.0
10,2023-05-06,39.0
11,2023-05-06,6.0
12,2023-05-06,1.0
1,2023-05-07,21.0
2,2023-05-07,40.0
3,2023-05-07,103.0
5,2023-05-07,26.0
6,2023-05-07,5.0
7,2023-05-07,8.0
8,2023-05-07,10.0
9,2023-05-07,17.0
10,2023-05-07,39.0
11,2023-05-07,7.0
12,2023-05-07,1.0
1,2023-05-08,22.0
2,2023-05-08,38.0
3,2023-05-08,106.0
5,2023-05-08,23.0
6,2023-05-08,5.0
7,2023-05-08,9.0
8,2023-05-08,12.0
9,2023-05-08,18.0
10,2023-05-08,39.0
11,2023-05-08,8.0
12,2023-05-08,1.0
1,2023-05-09,20.0
2,2023-05-09,32.0
3,2023-05-09,107.0
6,2023-05-09,6.0
8,2023-05-09,13.0
9,2023-05-09,18.0
10,2023-05-09,39.0
11,2023-05-09,8.0
12,2023-05-09,1.0
1,2023-05-10,22.0
2,2023-05-10,34.0
3,2023-05-10,104.0
4,2023-05-10,1.0
5,2023-05-10,19.0
6,2023-05-10,6.0
7,2023-05-10,8.0
8,2023-05-10,12.0
9,2023-05-10,18.0
10,2023-05-10,39.0
11,2023-05-10,7.0
12,2023-05-10,1.0
1,2023-05-11,22.0
2,2023-05-11,36.0
3,2023-05-11,98.0
5,2023-05-11,13.0
6,2023-05-11,6.0
7,2023-05-11,8.0
8,2023-05-11,11.0
9,2023-05-11,19.0
10,2023-05-11,38.0
11,2023-05-11,6.0
12,2023-05-11,1.0
1,2023-05-12,20.0
2,2023-05-12,36.0
3,2023-05-12,86.0
4,2023-05-12,1.0
5,2023-05-12,16.0
6,2023-05-12,5.0
7,2023-05-12,8.0
8,2023-05-12,10.0
9,2023-05-12,19.0
10,2023-05-12,38.0
11,2023-05-12,7.0
12,2023-05-12,1.0
1,2023-05-13,21.0
2,2023-05-13,38.0
3,2023-05-13,87.0
5,2023-05-13,20.0
6,2023-05-13,4.0
7,2023-05-13,10.0
8,2023-05-13,8.0
9,2023-05-13,15.0
10,2023-05-13,37.0
11,2023-05-13,7.0
12,2023-05-13,1.0
1,2023-05-14,21.0
2,2023-05-14,36.0
3,2023-05-14,93.0
4,2023-05-14,1.0
5,2023-05-14,27.0
6,2023-05-14,4.0
7,2023-05-14,11.0
8,2023-05-14,7.0
9,2023-05-14,18.0
10,2023-05-14,36.0
11,2023-05-14,8.0
12,2023-05-14,1.0
1,2023-05-15,21.0
2,2023-05-15,37.0
3,2023-05-15,96.0
4,2023-05-15,1.0
5,2023-05-15,26.0
6,2023-05-15,4.0
7,2023-05-15,13.0
8,2023-05-15,7.0
9,2023-05-15,21.0
10,2023-05-15,35.0
11,2023-05-15,8.0
12,2023-05-15,1.0
1,2023-05-16,23.0
2,2023-05-16,35.0
3,2023-05-16,98.0
5,2023-05-16,21.0
6,2023-05-16,5.0
7,2023-05-16,9.0
8,2023-05-16,7.0
9,2023-05-16,17.0
10,2023-05-16,35.0
11,2023-05-16,7.0
12,2023-05-16,1.0
1,2023-05-17,23.0
2,2023-05-17,31.0
3,2023-05-17,96.0
4,2023-05-17,1.0
5,2023-05-17,27.0
6,2023-05-17,5.0
8,2023-05-17,6.0
9,2023-05-17,15.0
10,2023-05-17,32.0
11,2023-05-17,6.0
12,2023-05-17,1.0
1,2023-05-18,23.0
2,2023-05-18,34.0
3,2023-05-18,93.0
4,2023-05-18,1.0
5,2023-05-18,26.0
6,2023-05-18,6.0
7,2023-05-18,7.0
8,2023-05-18,6.0
9,2023-05-18,19.0
10,2023-05-18,32.0
12,2023-05-18,1.0
1,2023-05-19,24.0
2,2023-05-19,32.0
3,2023-05-19,90.0
5,2023-05-19,24.0
6,2023-05-19,6.0
7,2023-05-19,8.0
8,2023-05-19,5.0
9,2023-05-19,15.0
10,2023-05-19,33.0
11,2023-05-19,6.0
12,2023-05-19,1.0
1,2023-05-20,21.0
2,2023-05-20,35.0
3,2023-05-20,91.0
4,2023-05-20,1.0
5,2023-05-20,28.0
6,2023-05-20,5.0
8,2023-05-20,6.0
9,2023-05-20,13.0
10,2023-05-20,33.0
11,2023-05-20,7.0
12,2023-05-20,1.0
1,2023-05-21,23.0
2,2023-05-21,37.0
3,2023-05-21,91.0
5,2023-05-21,34.0
6,2023-05-21,6.0
7,2023-05-21,9.0
8,2023-05-21,6.0
9,2023-05-21,13.0
10,2023-05-21,34.0
12,2023-05-21,1.0
1,2023-05-22,23.0
2,2023-05-22,39.0
3,2023-05-22,100.0
4,2023-05-22,1.0
5,2023-05-22,28.0
6,2023-05-22,6.0
8,2023-05-22,6.0
9,2023-05-22,16.0
10,2023-05-22,34.0
12,2023-05-22,1.0
1,2023-05-23,21.0
2,2023-05-23,35.0
3,2023-05-23,99.0
4,2023-05-23,1.0
5,2023-05-23,27.0
6,2023-05-23,6.0
7,2023-05-23,7.0
8,2023-05-23,6.0
9,2023-05-23,16.0
10,2023-05-23,33.0
11,2023-05-23,4.0
12,2023-05-23,1.0
1,2023-05-24,22.0
2,2023-05-24,31.0
3,2023-05-24,95.0
4,2023-05-24,1.0
5,2023-05-24,24.0
6,2023-05-24,5.0
8,2023-05-24,6.0
9,2023-05-24,16.0
10,2023-05-24,33.0
11,2023-05-24,5.0
12,2023-05-24,1.0
1,2023-05-25,21.0
2,2023-05-25,28.0
3,2023-05-25,92.0
5,2023-05-25,22.0
6,2023-05-25,4.0
8,2023-05-25,6.0
9,2023-05-25,14.0
10,2023-05-25,34.0
11,2023-05-25,6.0
12,2023-05-25,1.0
1,2023-05-26,22.0
2,2023-05-26,27.0
3,2023-05-26,85.0
5,2023-05-26,22.0
6,2023-05-26,4.0
8,2023-05-26,6.0
10,2023-05-26,34.0
11,2023-05-26,4.0
12,2023-05-26,1.0
1,2023-05-27,22.0
2,2023-05-27,32.0
3,2023-05-27,85.0
4,2023-05-27,1.0
5,2023-05-27,29.0
6,2023-05-27,3.0
7,2023-05-27,3.0
8,2023-05-27,6.0
10,2023-05-27,35.0
11,2023-05-27,5.0
12,2023-05-27,1.0
1,2023-05-28,24.0
2,2023-05-28,37.0
3,2023-05-28,89.0
5,2023-05-28,34.0
6,2023-05-28,4.0
7,2023-05-28,6.0
8,2023-05-28,7.0
9,2023-05-28,12.0
10,2023-05-28,35.0
11,2023-05-28,5.0
12,2023-05-28,1.0
1,2023-05-29,24.0
2,2023-05-29,37.0
3,2023-05-29,90.0
5,2023-05-29,27.0
6,2023-05-29,6.0
8,2023-05-29,7.0
9,2023-05-29,14.0
10,2023-05-29,35.0
11,2023-05-29,4.0
12,2023-05-29,1.0
1,2023-05-30,24.0
2,2023-05-30,37.0
3,2023-05-30,90.0
4,2023-05-30,1.0
5,2023-05-30,30.0
6,2023-05-30,6.0
7,2023-05-30,5.0
8,2023-05-30,7.0
10,2023-05-30,34.0
11,2023-05-30,4.0
12,2023-05-30,1.0
1,2023-05-31,23.0
2,2023-05-31,31.0
3,2023-05-31,84.0
5,2023-05-31,29.0
6,2023-05-31,6.0
7,2023-05-31,4.0
8,2023-05-31,8.0
10,2023-05-31,33.0
11,2023-05-31,4.0
12,2023-05-31,1.0
1,2023-06-01,25.0
2,2023-06-01,29.0
3,2023-06-01,85.0
4,2023-06-01,1.0
5,2023-06-01,25.0
6,2023-06-01,6.0
8,2023-06-01,8.0
10,2023-06-01,32.0
11,2023-06-01,4.0
12,2023-06-01,1.0
1,2023-06-02,27.0
2,2023-06-02,31.0
3,2023-06-02,76.0
4,2023-06-02,1.0
5,2023-06-02,21.0
6,2023-06-02,5.0
7,2023-06-02,4.0
8,2023-06-02,8.0
10,2023-06-02,34.0
11,2023-06-02,4.0
12,2023-06-02,1.0
1,2023-06-03,27.0
2,2023-06-03,33.0
3,2023-06-03,73.0
6,2023-06-03,4.0
8,2023-06-03,8.0
10,2023-06-03,34.0
11,2023-06-03,4.0
12,2023-06-03,1.0
1,2023-06-04,26.0
2,2023-06-04,37.0
3,2023-06-04,82.0
5,2023-06-04,26.0
6,2023-06-04,5.0
7,2023-06-04,5.0
8,2023-06-04,8.0
10,2023-06-04,35.0
11,2023-06-04,4.0
12,2023-06-04,1.0
1,2023-06-05,27.0
3,2023-06-05,84.0
6,2023-06-05,5.0
8,2023-06-05,7.0
10,2023-06-05,35.0
11,2023-06-05,5.0
12,2023-06-05,1.0
1,2023-06-06,28.0
3,2023-06-06,87.0
4,2023-06-06,1.0
6,2023-06-06,6.0
8,2023-06-06,7.0
10,2023-06-06,36.0
11,2023-06-06,5.0
12,2023-06-06,1.0
1,2023-06-07,27.0
2,2023-06-07,14.0
3,2023-06-07,83.0
6,2023-06-07,6.0
7,2023-06-07,5.0
8,2023-06-07,7.0
10,2023-06-07,35.0
11,2023-06-07,6.0
12,2023-06-07,1.0
1,2023-06-08,28.0
2,2023-06-08,20.0
3,2023-06-08,77.0
6,2023-06-08,6.0
7,2023-06-08,4.0
8,2023-06-08,7.0
9,2023-06-08,8.0
10,2023-06-08,35.0
11,2023-06-08,5.0
12,2023-06-08,1.0
1,2023-06-09,29.0
2,2023-06-09,27.0
3,2023-06-09,71.0
6,2023-06-09,5.0
7,2023-06-09,5.0
8,2023-06-09,7.0
10,2023-06-09,35.0
11,2023-06-09,5.0
12,2023-06-09,1.0
1,2023-06-10,26.0
2,2023-06-10,33.0
3,2023-06-10,69.0
8,2023-06-10,7.0
10,2023-06-10,35.0
11,2023-06-10,6.0
12,2023-06-10,1.0
1,2023-06-11,25.0
2,2023-06-11,38.0
6,2023-06-11,4.0
7,2023-06-11,6.0
8,2023-06-11,7.0
10,2023-06-11,35.0
11,2023-06-11,6.0
12,2023-06-11,1.0
1,2023-06-12,26.0
2,2023-06-12,36.0
5,2023-06-12,13.0
6,2023-06-12,5.0
8,2023-06-12,7.0
10,2023-06-12,35.0
11,2023-06-12,7.0
12,2023-06-12,1.0
1,2023-06-13,25.0
2,2023-06-13,40.0
3,2023-06-13,42.0
6,2023-06-13,5.0
7,2023-06-13,5.0
8,2023-06-13,7.0
10,2023-06-13,34.0
11,2023-06-13,7.0
12,2023-06-13,1.0
1,2023-06-14,25.0
2,2023-06-14,42.0
3,2023-06-14,87.0
4,2023-06-14,1.0
6,2023-06-14,5.0
7,2023-06-14,6.0
8,2023-06-14,6.0
9,2023-06-14,9.0
11,2023-06-14,6.0
12,2023-06-14,1.0
1,2023-06-15,25.0
2,2023-06-15,42.0
3,2023-06-15,92.0
6,2023-06-15,6.0
7,2023-06-15,7.0
8,2023-06-15,6.0
9,2023-06-15,8.0
10,2023-06-15,30.0
11,2023-06-15,6.0
12,2023-06-15,1.0
1,2023-06-16,26.0
2,2023-06-16,43.0
3,2023-06-16,87.0
6,2023-06-16,5.0
7,2023-06-16,8.0
8,2023-06-16,7.0
9,2023-06-16,11.0
10,2023-06-16,33.0
11,2023-06-16,7.0
12,2023-06-16,1.0
1,2023-06-17,26.0
2,2023-06-17,46.0
3,2023-06-17,83.0
4,2023-06-17,1.0
6,2023-06-17,5.0
7,2023-06-17,7.0
8,2023-06-17,7.0
9,2023-06-17,10.0
10,2023-06-17,33.0
11,2023-06-17,8.0
12,2023-06-17,1.0
1,2023-06-18,25.0
2,2023-06-18,48.0
3,2023-06-18,92.0
5,2023-06-18,10.0
6,2023-06-18,5.0
7,2023-06-18,8.0
8,2023-06-18,8.0
9,2023-06-18,15.0
11,2023-06-18,8.0
12,2023-06-18,1.0
1,2023-06-19,25.0
2,2023-06-19,50.0
3,2023-06-19,87.0
5,2023-06-19,11.0
6,2023-06-19,6.0
7,2023-06-19,7.0
8,2023-06-19,8.0
9,2023-06-19,19.0
10,2023-06-19,31.0
11,2023-06-19,6.0
12,2023-06-19,1.0
1,2023-06-20,23.0
2,2023-06-20,48.0
3,2023-06-20,89.0
5,2023-06-20,10.0
6,2023-06-20,6.0
8,2023-06-20,8.0
9,2023-06-20,13.0
10,2023-06-20,34.0
11,2023-06-20,6.0
12,2023-06-20,1.0
1,2023-06-21,25.0
2,2023-06-21,45.0
3,2023-06-21,101.0
5,2023-06-21,11.0
6,2023-06-21,6.0
7,2023-06-21,8.0
8,2023-06-21,8.0
9,2023-06-21,11.0
10,2023-06-21,33.0
11,2023-06-21,5.0
12,2023-06-21,1.0
1,2023-06-22,27.0
2,2023-06-22,41.0
3,2023-06-22,104.0
5,2023-06-22,13.0
6,2023-06-22,6.0
7,2023-06-22,10.0
8,2023-06-22,9.0
9,2023-06-22,11.0
10,2023-06-22,35.0
11,2023-06-22,6.0
12,2023-06-22,1.0
1,2023-06-23,27.0
2,2023-06-23,38.0
3,2023-06-23,98.0
5,2023-06-23,16.0
6,2023-06-23,6.0
7,2023-06-23,9.0
8,2023-06-23,9.0
9,2023-06-23,8.0
10,2023-06-23,36.0
11,2023-06-23,7.0
12,2023-06-23,1.0
1,2023-06-24,27.0
2,2023-06-24,37.0
3,2023-06-24,99.0
5,2023-06-24,18.0
6,2023-06-24,4.0
7,2023-06-24,10.0
8,2023-06-24,9.0
9,2023-06-24,11.0
10,2023-06-24,38.0
11,2023-06-24,6.0
12,2023-06-24,1.0
1,2023-06-25,26.0
2,2023-06-25,35.0
3,2023-06-25,104.0
5,2023-06-25,20.0
6,2023-06-25,5.0
7,2023-06-25,12.0
8,2023-06-25,10.0
9,2023-06-25,10.0
10,2023-06-25,36.0
11,2023-06-25,8.0
12,2023-06-25,1.0
1,2023-06-26,30.0
2,2023-06-26,33.0
3,2023-06-26,105.0
5,2023-06-26,20.0
6,2023-06-26,5.0
7,2023-06-26,12.0
8,2023-06-26,10.0
9,2023-06-26,11.0
10,2023-06-26,38.0
11,2023-06-26,8.0
12,2023-06-26,1.0
1,2023-06-27,31.0
2,2023-06-27,34.0
3,2023-06-27,108.0
4,2023-06-27,1.0
5,2023-06-27,26.0
6,2023-06-27,6.0
7,2023-06-27,9.0
8,2023-06-27,9.0
9,2023-06-27,10.0
10,2023-06-27,38.0
11,2023-06-27,7.0
12,2023-06-27,1.0
1,2023-06-28,31.0
2,2023-06-28,35.0
3,2023-06-28,110.0
5,2023-06-28,28.0
6,2023-06-28,6.0
7,2023-06-28,12.0
8,2023-06-28,8.0
9,2023-06-28,14.0
10,2023-06-28,37.0
11,2023-06-28,7.0
12,2023-06-28,1.0
1,2023-06-29,30.0
2,2023-06-29,37.0
3,2023-06-29,108.0
5,2023-06-29,36.0
6,2023-06-29,6.0
7,2023-06-29,11.0
8,2023-06-29,7.0
9,2023-06-29,13.0
10,2023-06-29,36.0
11,2023-06-29,8.0
12,2023-06-29,1.0
1,2023-06-30,29.0
2,2023-06-30,38.0
3,2023-06-30,104.0
5,2023-06-30,35.0
7,2023-06-30,11.0
8,2023-06-30,7.0
9,2023-06-30,13.0
10,2023-06-30,36.0
11,2023-06-30,8.0
12,2023-06-30,1.0
1,2023-07-01,28.0
2,2023-07-01,38.0
3,2023-07-01,106.0
5,2023-07-01,27.0
8,2023-07-01,6.0
9,2023-07-01,15.0
10,2023-07-01,36.0
11,2023-07-01,8.0
12,2023-07-01,1.0
1,2023-07-02,29.0
2,2023-07-02,40.0
3,2023-07-02,112.0
5,2023-07-02,23.0
6,2023-07-02,3.0
7,2023-07-02,9.0
8,2023-07-02,6.0
9,2023-07-02,15.0
10,2023-07-02,36.0
11,2023-07-02,8.0
12,2023-07-02,1.0
1,2023-07-03,30.0
2,2023-07-03,41.0
3,2023-07-03,116.0
4,2023-07-03,1.0
6,2023-07-03,3.0
7,2023-07-03,10.0
8,2023-07-03,6.0
9,2023-07-03,15.0
10,2023-07-03,36.0
11,2023-07-03,8.0
12,2023-07-03,1.0
1,2023-07-04,28.0
2,2023-07-04,40.0
3,2023-07-04,115.0
6,2023-07-04,3.0
8,2023-07-04,6.0
9,2023-07-04,15.0
10,2023-07-04,37.0
11,2023-07-04,7.0
12,2023-07-04,1.0
1,2023-07-05,30.0
2,2023-07-05,30.0
3,2023-07-05,116.0
4,2023-07-05,1.0
5,2023-07-05,27.0
6,2023-07-05,4.0
7,2023-07-05,9.0
8,2023-07-05,6.0
9,2023-07-05,14.0
10,2023-07-05,37.0
11,2023-07-05,7.0
12,2023-07-05,1.0
1,2023-07-06,29.0
2,2023-07-06,30.0
3,2023-07-06,115.0
4,2023-07-06,1.0
5,2023-07-06,26.0
6,2023-07-06,5.0
7,2023-07-06,9.0
8,2023-07-06,6.0
9,2023-07-06,11.0
10,2023-07-06,37.0
11,2023-07-06,7.0
12,2023-07-06,1.0
1,2023-07-07,31.0
2,2023-07-07,30.0
3,2023-07-07,113.0
5,2023-07-07,27.0
6,2023-07-07,4.0
7,2023-07-07,9.0
8,2023-07-07,6.0
9,2023-07-07,10.0
10,2023-07-07,38.0
11,2023-07-07,7.0
12,2023-07-07,1.0
1,2023-07-08,28.0
2,2023-07-08,28.0
3,2023-07-08,116.0
5,2023-07-08,26.0
6,2023-07-08,5.0
8,2023-07-08,6.0
9,2023-07-08,14.0
10,2023-07-08,39.0
11,2023-07-08,7.0
12,2023-07-08,1.0
1,2023-07-09,28.0
2,2023-07-09,29.0
3,2023-07-09,115.0
5,2023-07-09,26.0
6,2023-07-09,6.0
8,2023-07-09,6.0
9,2023-07-09,14.0
10,2023-07-09,38.0
11,2023-07-09,7.0
12,2023-07-09,1.0
1,2023-07-10,31.0
2,2023-07-10,35.0
3,2023-07-10,109.0
4,2023-07-10,1.0
5,2023-07-10,25.0
6,2023-07-10,6.0
7,2023-07-10,6.0
8,2023-07-10,6.0
9,2023-07-10,14.0
10,2023-07-10,37.0
11,2023-07-10,7.0
12,2023-07-10,1.0
1,2023-07-11,29.0
2,2023-07-11,37.0
3,2023-07-11,111.0
5,2023-07-11,25.0
6,2023-07-11,6.0
7,2023-07-11,5.0
8,2023-07-11,6.0
9,2023-07-11,15.0
10,2023-07-11,37.0
11,2023-07-11,7.0
12,2023-07-11,1.0
1,2023-07-12,32.0
2,2023-07-12,34.0
3,2023-07-12,112.0
5,2023-07-12,29.0
6,2023-07-12,5.0
7,2023-07-12,8.0
8,2023-07-12,7.0
9,2023-07-12,14.0
10,2023-07-12,37.0
11,2023-07-12,7.0
12,2023-07-12,1.0
1,2023-07-13,31.0
2,2023-07-13,33.0
3,2023-07-13,109.0
5,2023-07-13,24.0
6,2023-07-13,5.0
7,2023-07-13,7.0
8,2023-07-13,7.0
9,2023-07-13,14.0
10,2023-07-13,37.0
11,2023-07-13,6.0
1,2023-07-14,31.0
2,2023-07-14,36.0
3,2023-07-14,108.0
5,2023-07-14,24.0
6,2023-07-14,4.0
7,2023-07-14,8.0
8,2023-07-14,7.0
9,2023-07-14,16.0
10,2023-07-14,35.0
11,2023-07-14,7.0
12,2023-07-14,1.0
1,2023-07-15,31.0
2,2023-07-15,33.0
3,2023-07-15,109.0
5,2023-07-15,24.0
6,2023-07-15,4.0
8,2023-07-15,8.0
9,2023-07-15,17.0
10,2023-07-15,37.0
11,2023-07-15,7.0
12,2023-07-15,1.0
1,2023-07-16,32.0
2,2023-07-16,39.0
3,2023-07-16,111.0
5,2023-07-16,23.0
6,2023-07-16,4.0
7,2023-07-16,3.0
8,2023-07-16,8.0
9,2023-07-16,17.0
10,2023-07-16,37.0
11,2023-07-16,8.0
12,2023-07-16,1.0
1,2023-07-17,30.0
2,2023-07-17,40.0
3,2023-07-17,110.0
5,2023-07-17,24.0
6,2023-07-17,4.0
7,2023-07-17,5.0
8,2023-07-17,9.0
9,2023-07-17,17.0
10,2023-07-17,36.0
11,2023-07-17,8.0
12,2023-07-17,1.0
1,2023-07-18,29.0
2,2023-07-18,41.0
3,2023-07-18,109.0
5,2023-07-18,21.0
6,2023-07-18,4.0
7,2023-07-18,3.0
8,2023-07-18,9.0
9,2023-07-18,16.0
10,2023-07-18,35.0
11,2023-07-18,8.0
12,2023-07-18,1.0
1,2023-07-19,28.0
2,2023-07-19,38.0
3,2023-07-19,104.0
4,2023-07-19,1.0
5,2023-07-19,24.0
6,2023-07-19,5.0
7,2023-07-19,4.0
8,2023-07-19,10.0
9,2023-07-19,15.0
10,2023-07-19,33.0
11,2023-07-19,8.0
12,2023-07-19,1.0
1,2023-07-20,27.0
2,2023-07-20,36.0
3,2023-07-20,104.0
5,2023-07-20,27.0
6,2023-07-20,5.0
8,2023-07-20,11.0
9,2023-07-20,18.0
11,2023-07-20,7.0
12,2023-07-20,1.0
1,2023-07-21,29.0
2,2023-07-21,36.0
3,2023-07-21,106.0
4,2023-07-21,1.0
5,2023-07-21,27.0
6,2023-07-21,5.0
7,2023-07-21,4.0
8,2023-07-21,9.0
9,2023-07-21,18.0
10,2023-07-21,30.0
11,2023-07-21,8.0
12,2023-07-21,1.0
1,2023-07-22,28.0
2,2023-07-22,36.0
3,2023-07-22,111.0
5,2023-07-22,25.0
6,2023-07-22,5.0
7,2023-07-22,3.0
8,2023-07-22,8.0
9,2023-07-22,16.0
10,2023-07-22,34.0
11,2023-07-22,8.0
12,2023-07-22,1.0
1,2023-07-23,28.0
2,2023-07-23,39.0
3,2023-07-23,112.0
5,2023-07-23,27.0
6,2023-07-23,5.0
7,2023-07-23,3.0
8,2023-07-23,8.0
9,2023-07-23,16.0
10,2023-07-23,35.0
11,2023-07-23,8.0
12,2023-07-23,1.0
1,2023-07-24,28.0
2,2023-07-24,44.0
3,2023-07-24,107.0
5,2023-07-24,29.0
6,2023-07-24,5.0
7,2023-07-24,3.0
8,2023-07-24,7.0
9,2023-07-24,18.0
10,2023-07-24,36.0
11,2023-07-24,8.0
12,2023-07-24,1.0
1,2023-07-25,28.0
2,2023-07-25,43.0
3,2023-07-25,111.0
4,2023-07-25,1.0
5,2023-07-25,30.0
6,2023-07-25,4.0
7,2023-07-25,3.0
8,2023-07-25,7.0
9,2023-07-25,16.0
10,2023-07-25,37.0
11,2023-07-25,8.0
12,2023-07-25,1.0
1,2023-07-26,27.0
2,2023-07-26,36.0
3,2023-07-26,111.0
4,2023-07-26,1.0
5,2023-07-26,25.0
6,2023-07-26,4.0
8,2023-07-26,7.0
9,2023-07-26,16.0
10,2023-07-26,37.0
11,2023-07-26,7.0
12,2023-07-26,1.0
1,2023-07-27,26.0
2,2023-07-27,37.0
3,2023-07-27,110.0
5,2023-07-27,28.0
6,2023-07-27,3.0
7,2023-07-27,2.0
8,2023-07-27,7.0
9,2023-07-27,18.0
10,2023-07-27,35.0
11,2023-07-27,7.0
12,2023-07-27,1.0
1,2023-07-28,26.0
2,2023-07-28,39.0
3,2023-07-28,106.0
5,2023-07-28,28.0
6,2023-07-28,3.0
7,2023-07-28,3.0
8,2023-07-28,7.0
9,2023-07-28,17.0
10,2023-07-28,35.0
11,2023-07-28,7.0
12,2023-07-28,1.0
1,2023-07-29,26.0
2,2023-07-29,37.0
3,2023-07-29,108.0
5,2023-07-29,28.0
6,2023-07-29,3.0
8,2023-07-29,7.0
9,2023-07-29,16.0
10,2023-07-29,35.0
11,2023-07-29,7.0
12,2023-07-29,1.0
1,2023-07-30,26.0
2,2023-07-30,39.0
3,2023-07-30,115.0
5,2023-07-30,29.0
6,2023-07-30,3.0
7,2023-07-30,3.0
8,2023-07-30,7.0
9,2023-07-30,16.0
10,2023-07-30,35.0
11,2023-07-30,7.0
12,2023-07-30,1.0
1,2023-07-31,26.0
2,2023-07-31,42.0
3,2023-07-31,118.0
5,2023-07-31,28.0
6,2023-07-31,3.0
7,2023-07-31,3.0
8,2023-07-31,7.0
9,2023-07-31,16.0
10,2023-07-31,34.0
11,2023-07-31,7.0
12,2023-07-31,1.0
1,2023-08-01,25.0
2,2023-08-01,41.0
3,2023-08-01,117.0
4,2023-08-01,1.0
5,2023-08-01,25.0
6,2023-08-01,3.0
7,2023-08-01,3.0
8,2023-08-01,7.0
9,2023-08-01,17.0
10,2023-08-01,34.0
11,2023-08-01,7.0
12,2023-08-01,1.0
1,2023-08-02,25.0
2,2023-08-02,36.0
3,2023-08-02,113.0
4,2023-08-02,1.0
5,2023-08-02,21.0
6,2023-08-02,3.0
7,2023-08-02,4.0
8,2023-08-02,7.0
9,2023-08-02,17.0
10,2023-08-02,33.0
11,2023-08-02,6.0
12,2023-08-02,1.0
1,2023-08-03,26.0
2,2023-08-03,34.0
3,2023-08-03,110.0
4,2023-08-03,1.0
5,2023-08-03,25.0
6,2023-08-03,4.0
7,2023-08-03,4.0
8,2023-08-03,7.0
9,2023-08-03,15.0
10,2023-08-03,33.0
11,2023-08-03,6.0
12,2023-08-03,1.0
1,2023-08-04,25.0
2,2023-08-04,36.0
3,2023-08-04,108.0
5,2023-08-04,27.0
6,2023-08-04,4.0
7,2023-08-04,4.0
8,2023-08-04,7.0
9,2023-08-04,16.0
10,2023-08-04,33.0
12,2023-08-04,1.0
1,2023-08-05,26.0
2,2023-08-05,39.0
3,2023-08-05,110.0
4,2023-08-05,1.0
5,2023-08-05,37.0
8,2023-08-05,8.0
9,2023-08-05,15.0
10,2023-08-05,33.0
11,2023-08-05,6.0
12,2023-08-05,1.0
1,2023-08-06,25.0
2,2023-08-06,42.0
3,2023-08-06,114.0
5,2023-08-06,31.0
6,2023-08-06,4.0
7,2023-08-06,3.0
8,2023-08-06,8.0
9,2023-08-06,17.0
10,2023-08-06,33.0
11,2023-08-06,6.0
12,2023-08-06,1.0
1,2023-08-07,27.0
3,2023-08-07,115.0
4,2023-08-07,1.0
5,2023-08-07,30.0
6,2023-08-07,4.0
7,2023-08-07,4.0
8,2023-08-07,9.0
9,2023-08-07,16.0
10,2023-08-07,33.0
11,2023-08-07,7.0
12,2023-08-07,1.0
1,2023-08-08,26.0
3,2023-08-08,116.0
4,2023-08-08,1.0
5,2023-08-08,30.0
6,2023-08-08,4.0
7,2023-08-08,4.0
8,2023-08-08,9.0
9,2023-08-08,16.0
10,2023-08-08,33.0
11,2023-08-08,6.0
12,2023-08-08,1.0
1,2023-08-09,24.0
3,2023-08-09,115.0
5,2023-08-09,28.0
6,2023-08-09,5.0
7,2023-08-09,4.0
8,2023-08-09,10.0
9,2023-08-09,15.0
10,2023-08-09,33.0
11,2023-08-09,6.0
12,2023-08-09,1.0
1,2023-08-10,26.0
2,2023-08-10,15.0
3,2023-08-10,111.0
4,2023-08-10,1.0
5,2023-08-10,26.0
6,2023-08-10,5.0
7,2023-08-10,4.0
8,2023-08-10,10.0
9,2023-08-10,15.0
10,2023-08-10,34.0
11,2023-08-10,6.0
12,2023-08-10,1.0
1,2023-08-11,25.0
3,2023-08-11,109.0
5,2023-08-11,24.0
6,2023-08-11,5.0
8,2023-08-11,10.0
9,2023-08-11,18.0
10,2023-08-11,35.0
11,2023-08-11,6.0
12,2023-08-11,1.0
1,2023-08-12,28.0
3,2023-08-12,111.0
5,2023-08-12,26.0
6,2023-08-12,5.0
8,2023-08-12,10.0
9,2023-08-12,16.0
10,2023-08-12,35.0
11,2023-08-12,7.0
12,2023-08-12,1.0
1,2023-08-13,30.0
2,2023-08-13,12.0
3,2023-08-13,115.0
5,2023-08-13,28.0
6,2023-08-13,5.0
7,2023-08-13,3.0
8,2023-08-13,10.0
9,2023-08-13,17.0
10,2023-08-13,36.0
11,2023-08-13,7.0
12,2023-08-13,1.0
1,2023-08-14,30.0
2,2023-08-14,28.0
3,2023-08-14,116.0
5,2023-08-14,30.0
6,2023-08-14,5.0
7,2023-08-14,3.0
8,2023-08-14,10.0
9,2023-08-14,18.0
10,2023-08-14,35.0
11,2023-08-14,7.0
12,2023-08-14,1.0
1,2023-08-15,29.0
2,2023-08-15,36.0
3,2023-08-15,116.0
4,2023-08-15,1.0
5,2023-08-15,30.0
6,2023-08-15,4.0
7,2023-08-15,3.0
8,2023-08-15,9.0
9,2023-08-15,17.0
10,2023-08-15,35.0
11,2023-08-15,7.0
12,2023-08-15,1.0
1,2023-08-16,29.0
2,2023-08-16,35.0
3,2023-08-16,114.0
5,2023-08-16,28.0
6,2023-08-16,4.0
7,2023-08-16,4.0
8,2023-08-16,8.0
9,2023-08-16,16.0
10,2023-08-16,34.0
11,2023-08-16,6.0
12,2023-08-16,1.0
1,2023-08-17,28.0
2,2023-08-17,37.0
3,2023-08-17,110.0
5,2023-08-17,28.0
6,2023-08-17,3.0
7,2023-08-17,3.0
8,2023-08-17,7.0
9,2023-08-17,16.0
10,2023-08-17,34.0
12,2023-08-17,1.0
1,2023-08-18,28.0
2,2023-08-18,36.0
3,2023-08-18,101.0
5,2023-08-18,26.0
6,2023-08-18,3.0
7,2023-08-18,2.0
8,2023-08-18,6.0
9,2023-08-18,15.0
10,2023-08-18,34.0
11,2023-08-18,5.0
12,2023-08-18,1.0
1,2023-08-19,26.0
2,2023-08-19,34.0
3,2023-08-19,99.0
5,2023-08-19,25.0
6,2023-08-19,3.0
8,2023-08-19,6.0
9,2023-08-19,15.0
10,2023-08-19,34.0
11,2023-08-19,5.0
12,2023-08-19,1.0
1,2023-08-20,26.0
2,2023-08-20,32.0
3,2023-08-20,108.0
5,2023-08-20,25.0
6,2023-08-20,3.0
7,2023-08-20,2.0
8,2023-08-20,6.0
9,2023-08-20,15.0
10,2023-08-20,33.0
12,2023-08-20,1.0
1,2023-08-21,28.0
2,2023-08-21,31.0
3,2023-08-21,111.0
4,2023-08-21,1.0
5,2023-08-21,25.0
6,2023-08-21,3.0
7,2023-08-21,2.0
8,2023-08-21,6.0
9,2023-08-21,18.0
10,2023-08-21,34.0
11,2023-08-21,6.0
12,2023-08-21,1.0
1,2023-08-22,27.0
2,2023-08-22,32.0
3,2023-08-22,113.0
5,2023-08-22,24.0
6,2023-08-22,3.0
7,2023-08-22,2.0
8,2023-08-22,6.0
9,2023-08-22,18.0
10,2023-08-22,34.0
11,2023-08-22,7.0
12,2023-08-22,1.0
1,2023-08-23,30.0
2,2023-08-23,35.0
3,2023-08-23,112.0
4,2023-08-23,1.0
5,2023-08-23,35.0
6,2023-08-23,3.0
7,2023-08-23,2.0
8,2023-08-23,6.0
9,2023-08-23,16.0
10,2023-08-23,34.0
12,2023-08-23,1.0
1,2023-08-24,28.0
2,2023-08-24,37.0
3,2023-08-24,108.0
5,2023-08-24,38.0
6,2023-08-24,3.0
7,2023-08-24,2.0
8,2023-08-24,6.0
9,2023-08-24,18.0
10,2023-08-24,34.0
12,2023-08-24,1.0
1,2023-08-25,31.0
2,2023-08-25,38.0
3,2023-08-25,104.0
4,2023-08-25,1.0
5,2023-08-25,34.0
6,2023-08-25,4.0
8,2023-08-25,6.0
9,2023-08-25,16.0
10,2023-08-25,34.0
11,2023-08-25,5.0
12,2023-08-25,1.0
1,2023-08-26,31.0
2,2023-08-26,33.0
3,2023-08-26,104.0
4,2023-08-26,1.0
5,2023-08-26,31.0
6,2023-08-26,4.0
7,2023-08-26,2.0
8,2023-08-26,6.0
9,2023-08-26,17.0
10,2023-08-26,34.0
11,2023-08-26,4.0
12,2023-08-26,1.0
1,2023-08-27,29.0
2,2023-08-27,33.0
3,2023-08-27,111.0
5,2023-08-27,40.0
6,2023-08-27,4.0
7,2023-08-27,2.0
8,2023-08-27,6.0
9,2023-08-27,18.0
10,2023-08-27,33.0
11,2023-08-27,3.0
12,2023-08-27,1.0
1,2023-08-28,27.0
2,2023-08-28,35.0
3,2023-08-28,110.0
5,2023-08-28,36.0
6,2023-08-28,4.0
7,2023-08-28,2.0
8,2023-08-28,6.0
9,2023-08-28,19.0
10,2023-08-28,33.0
12,2023-08-28,1.0
1,2023-08-29,25.0
2,2023-08-29,36.0
3,2023-08-29,111.0
5,2023-08-29,33.0
6,2023-08-29,4.0
7,2023-08-29,2.0
8,2023-08-29,7.0
9,2023-08-29,20.0
10,2023-08-29,32.0
11,2023-08-29,4.0
12,2023-08-29,1.0
1,2023-08-30,25.0
2,2023-08-30,37.0
3,2023-08-30,116.0
5,2023-08-30,31.0
6,2023-08-30,4.0
7,2023-08-30,3.0
8,2023-08-30,7.0
9,2023-08-30,19.0
10,2023-08-30,32.0
11,2023-08-30,3.0
12,2023-08-30,1.0
1,2023-08-31,24.0
2,2023-08-31,40.0
3,2023-08-31,111.0
5,2023-08-31,27.0
6,2023-08-31,4.0
7,2023-08-31,3.0
8,2023-08-31,7.0
9,2023-08-31,14.0
10,2023-08-31,32.0
12,2023-08-31,1.0
1,2023-09-01,25.0
2,2023-09-01,37.0
3,2023-09-01,102.0
5,2023-09-01,30.0
6,2023-09-01,3.0
7,2023-09-01,2.0
8,2023-09-01,7.0
9,2023-09-01,15.0
10,2023-09-01,31.0
11,2023-09-01,3.0
12,2023-09-01,1.0
1,2023-09-02,24.0
2,2023-09-02,36.0
3,2023-09-02,99.0
5,2023-09-02,29.0
6,2023-09-02,3.0
8,2023-09-02,7.0
9,2023-09-02,19.0
10,2023-09-02,31.0
11,2023-09-02,3.0
12,2023-09-02,1.0
1,2023-09-03,25.0
2,2023-09-03,39.0
3,2023-09-03,108.0
5,2023-09-03,38.0
6,2023-09-03,3.0
7,2023-09-03,3.0
8,2023-09-03,8.0
9,2023-09-03,17.0
10,2023-09-03,31.0
11,2023-09-03,3.0
12,2023-09-03,1.0
1,2023-09-04,27.0
2,2023-09-04,43.0
3,2023-09-04,113.0
5,2023-09-04,32.0
6,2023-09-04,3.0
7,2023-09-04,3.0
8,2023-09-04,8.0
9,2023-09-04,16.0
10,2023-09-04,31.0
11,2023-09-04,4.0
12,2023-09-04,1.0
1,2023-09-05,26.0
2,2023-09-05,42.0
3,2023-09-05,115.0
4,2023-09-05,1.0
5,2023-09-05,34.0
6,2023-09-05,3.0
7,2023-09-05,3.0
8,2023-09-05,9.0
9,2023-09-05,17.0
10,2023-09-05,31.0
11,2023-09-05,5.0
12,2023-09-05,1.0
1,2023-09-06,24.0
2,2023-09-06,37.0
3,2023-09-06,111.0
4,2023-09-06,1.0
5,2023-09-06,34.0
7,2023-09-06,4.0
8,2023-09-06,8.0
10,2023-09-06,31.0
11,2023-09-06,5.0
12,2023-09-06,1.0
1,2023-09-07,27.0
2,2023-09-07,34.0
3,2023-09-07,109.0
5,2023-09-07,30.0
6,2023-09-07,3.0
7,2023-09-07,3.0
8,2023-09-07,7.0
10,2023-09-07,31.0
11,2023-09-07,4.0
12,2023-09-07,1.0
1,2023-09-08,27.0
2,2023-09-08,34.0
3,2023-09-08,105.0
4,2023-09-08,1.0
5,2023-09-08,26.0
6,2023-09-08,3.0
7,2023-09-08,3.0
8,2023-09-08,7.0
10,2023-09-08,31.0
12,2023-09-08,1.0
1,2023-09-09,27.0
2,2023-09-09,34.0
3,2023-09-09,104.0
6,2023-09-09,4.0
7,2023-09-09,3.0
8,2023-09-09,6.0
10,2023-09-09,31.0
12,2023-09-09,1.0
1,2023-09-10,30.0
2,2023-09-10,36.0
3,2023-09-10,105.0
4,2023-09-10,1.0
5,2023-09-10,24.0
6,2023-09-10,5.0
7,2023-09-10,3.0
8,2023-09-10,6.0
9,2023-09-10,9.0
10,2023-09-10,32.0
11,2023-09-10,5.0
12,2023-09-10,1.0
1,2023-09-11,29.0
2,2023-09-11,37.0
3,2023-09-11,111.0
5,2023-09-11,28.0
6,2023-09-11,5.0
7,2023-09-11,3.0
8,2023-09-11,6.0
10,2023-09-11,32.0
11,2023-09-11,5.0
12,2023-09-11,1.0
1,2023-09-12,31.0
2,2023-09-12,45.0
3,2023-09-12,117.0
4,2023-09-12,1.0
6,2023-09-12,6.0
8,2023-09-12,6.0
11,2023-09-12,5.0
12,2023-09-12,1.0
1,2023-09-13,30.0
2,2023-09-13,38.0
3,2023-09-13,119.0
4,2023-09-13,1.0
6,2023-09-13,6.0
7,2023-09-13,3.0
8,2023-09-13,6.0
10,2023-09-13,30.0
12,2023-09-13,1.0
1,2023-09-14,31.0
2,2023-09-14,37.0
3,2023-09-14,115.0
5,2023-09-14,22.0
8,2023-09-14,6.0
10,2023-09-14,33.0
12,2023-09-14,1.0
1,2023-09-15,30.0
2,2023-09-15,38.0
3,2023-09-15,108.0
4,2023-09-15,1.0
5,2023-09-15,22.0
8,2023-09-15,6.0
12,2023-09-15,1.0
1,2023-09-16,32.0
2,2023-09-16,37.0
3,2023-09-16,105.0
5,2023-09-16,22.0
7,2023-09-16,2.0
8,2023-09-16,6.0
12,2023-09-16,1.0
1,2023-09-17,33.0
2,2023-09-17,39.0
3,2023-09-17,112.0
4,2023-09-17,1.0
5,2023-09-17,27.0
6,2023-09-17,3.0
8,2023-09-17,7.0
12,2023-09-17,1.0
1,2023-09-18,31.0
2,2023-09-18,42.0
3,2023-09-18,116.0
6,2023-09-18,4.0
7,2023-09-18,2.0
8,2023-09-18,6.0
12,2023-09-18,1.0
1,2023-09-19,30.0
2,2023-09-19,37.0
3,2023-09-19,117.0
6,2023-09-19,4.0
7,2023-09-19,1.0
8,2023-09-19,7.0
9,2023-09-19,8.0
12,2023-09-19,1.0
1,2023-09-20,27.0
2,2023-09-20,39.0
3,2023-09-20,118.0
4,2023-09-20,1.0
5,2023-09-20,18.0
6,2023-09-20,5.0
7,2023-09-20,2.0
8,2023-09-20,7.0
9,2023-09-20,8.0
12,2023-09-20,1.0
1,2023-09-21,28.0
2,2023-09-21,44.0
3,2023-09-21,116.0
5,2023-09-21,21.0
6,2023-09-21,5.0
7,2023-09-21,1.0
8,2023-09-21,7.0
9,2023-09-21,8.0
12,2023-09-21,1.0
1,2023-09-22,28.0
2,2023-09-22,39.0
3,2023-09-22,109.0
4,2023-09-22,1.0
5,2023-09-22,25.0
7,2023-09-22,1.0
8,2023-09-22,7.0
9,2023-09-22,8.0
12,2023-09-22,1.0
1,2023-09-23,29.0
2,2023-09-23,36.0
3,2023-09-23,107.0
5,2023-09-23,22.0
8,2023-09-23,7.0
9,2023-09-23,8.0
12,2023-09-23,1.0
1,2023-09-24,30.0
2,2023-09-24,38.0
3,2023-09-24,108.0
4,2023-09-24,1.0
5,2023-09-24,27.0
7,2023-09-24,1.0
8,2023-09-24,8.0
9,2023-09-24,9.0
11,2023-09-24,1.0
12,2023-09-24,1.0
1,2023-09-25,33.0
2,2023-09-25,41.0
3,2023-09-25,108.0
5,2023-09-25,22.0
6,2023-09-25,3.0
8,2023-09-25,9.0
9,2023-09-25,11.0
10,2023-09-25,22.0
12,2023-09-25,1.0
1,2023-09-26,33.0
2,2023-09-26,37.0
3,2023-09-26,103.0
4,2023-09-26,1.0
5,2023-09-26,23.0
6,2023-09-26,3.0
7,2023-09-26,1.0
8,2023-09-26,10.0
8,2023-09-26,10.0
9,2023-09-26,12.0
10,2023-09-26,26.0
11,2023-09-26,1.0
12,2023-09-26,1.0
1,2023-09-27,35.0
2,2023-09-27,36.0
3,2023-09-27,97.0
5,2023-09-27,26.0
6,2023-09-27,4.0
7,2023-09-27,1.0
8,2023-09-27,10.0
8,2023-09-27,10.0
9,2023-09-27,13.0
10,2023-09-27,37.0
12,2023-09-27,1.0
1,2023-09-28,34.0
2,2023-09-28,41.0
3,2023-09-28,91.0
4,2023-09-28,1.0
5,2023-09-28,28.0
6,2023-09-28,4.0
8,2023-09-28,10.0
8,2023-09-28,10.0
9,2023-09-28,11.0
10,2023-09-28,34.0
12,2023-09-28,1.0
1,2023-09-29,33.0
2,2023-09-29,41.0
3,2023-09-29,86.0
5,2023-09-29,28.0
6,2023-09-29,4.0
7,2023-09-29,2.0
8,2023-09-29,9.0
8,2023-09-29,9.0
9,2023-09-29,10.0
10,2023-09-29,33.0
12,2023-09-29,1.0
1,2023-09-30,30.0
2,2023-09-30,36.0
3,2023-09-30,85.0
5,2023-09-30,30.0
6,2023-09-30,5.0
8,2023-09-30,8.0
8,2023-09-30,8.0
9,2023-09-30,10.0
10,2023-09-30,31.0
11,2023-09-30,1.0
12,2023-09-30,1.0
1,2023-10-01,28.0
2,2023-10-01,36.0
3,2023-10-01,86.0
5,2023-10-01,34.0
6,2023-10-01,5.0
7,2023-10-01,2.0
8,2023-10-01,7.0
8,2023-10-01,7.0
9,2023-10-01,10.0
10,2023-10-01,30.0
12,2023-10-01,1.0
1,2023-10-02,29.0
2,2023-10-02,44.0
3,2023-10-02,88.0
5,2023-10-02,30.0
6,2023-10-02,6.0
7,2023-10-02,2.0
8,2023-10-02,7.0
8,2023-10-02,7.0
9,2023-10-02,10.0
10,2023-10-02,30.0
12,2023-10-02,1.0
1,2023-10-03,27.0
2,2023-10-03,41.0
3,2023-10-03,86.0
5,2023-10-03,34.0
6,2023-10-03,6.0
8,2023-10-03,7.0
8,2023-10-03,7.0
9,2023-10-03,10.0
10,2023-10-03,29.0
12,2023-10-03,1.0
1,2023-10-04,28.0
2,2023-10-04,36.0
3,2023-10-04,83.0
6,2023-10-04,5.0
8,2023-10-04,7.0
8,2023-10-04,7.0
9,2023-10-04,12.0
10,2023-10-04,30.0
12,2023-10-04,1.0
1,2023-10-05,27.0
2,2023-10-05,37.0
3,2023-10-05,79.0
5,2023-10-05,24.0
6,2023-10-05,4.0
7,2023-10-05,2.0
8,2023-10-05,6.0
9,2023-10-05,15.0
10,2023-10-05,30.0
12,2023-10-05,1.0
1,2023-10-06,27.0
2,2023-10-06,35.0
3,2023-10-06,72.0
6,2023-10-06,4.0
7,2023-10-06,3.0
8,2023-10-06,6.0
9,2023-10-06,14.0
10,2023-10-06,30.0
12,2023-10-06,1.0
1,2023-10-07,26.0
2,2023-10-07,34.0
3,2023-10-07,72.0
6,2023-10-07,3.0
7,2023-10-07,2.0
8,2023-10-07,5.0
9,2023-10-07,16.0
10,2023-10-07,30.0
11,2023-10-07,1.0
12,2023-10-07,1.0
1,2023-10-08,26.0
2,2023-10-08,35.0
3,2023-10-08,71.0
6,2023-10-08,3.0
8,2023-10-08,5.0
9,2023-10-08,16.0
10,2023-10-08,30.0
12,2023-10-08,1.0
1,2023-10-09,27.0
2,2023-10-09,39.0
3,2023-10-09,68.0
6,2023-10-09,5.0
7,2023-10-09,3.0
8,2023-10-09,5.0
9,2023-10-09,21.0
10,2023-10-09,30.0
12,2023-10-09,1.0
1,2023-10-10,27.0
2,2023-10-10,33.0
3,2023-10-10,69.0
6,2023-10-10,6.0
7,2023-10-10,2.0
8,2023-10-10,6.0
9,2023-10-10,14.0
10,2023-10-10,30.0
12,2023-10-10,1.0
1,2023-10-11,28.0
2,2023-10-11,31.0
3,2023-10-11,71.0
6,2023-10-11,6.0
8,2023-10-11,6.0
9,2023-10-11,21.0
10,2023-10-11,30.0
12,2023-10-11,1.0
1,2023-10-12,29.0
2,2023-10-12,34.0
3,2023-10-12,71.0
6,2023-10-12,6.0
7,2023-10-12,3.0
8,2023-10-12,6.0
9,2023-10-12,19.0
10,2023-10-12,29.0
12,2023-10-12,1.0
1,2023-10-13,30.0
2,2023-10-13,31.0
3,2023-10-13,70.0
6,2023-10-13,6.0
7,2023-10-13,3.0
8,2023-10-13,6.0
9,2023-10-13,17.0
10,2023-10-13,30.0
12,2023-10-13,1.0
1,2023-10-14,29.0
2,2023-10-14,31.0
3,2023-10-14,69.0
6,2023-10-14,5.0
7,2023-10-14,3.0
8,2023-10-14,6.0
9,2023-10-14,15.0
10,2023-10-14,30.0
12,2023-10-14,1.0
1,2023-10-15,29.0
2,2023-10-15,33.0
3,2023-10-15,70.0
6,2023-10-15,4.0
8,2023-10-15,6.0
9,2023-10-15,16.0
10,2023-10-15,30.0
12,2023-10-15,1.0
1,2023-10-16,29.0
2,2023-10-16,33.0
3,2023-10-16,72.0
6,2023-10-16,5.0
7,2023-10-16,3.0
8,2023-10-16,7.0
9,2023-10-16,20.0
10,2023-10-16,31.0
12,2023-10-16,1.0
1,2023-10-17,29.0
2,2023-10-17,32.0
3,2023-10-17,74.0
6,2023-10-17,5.0
7,2023-10-17,3.0
8,2023-10-17,7.0
9,2023-10-17,19.0
10,2023-10-17,30.0
12,2023-10-17,1.0
1,2023-10-18,28.0
2,2023-10-18,32.0
3,2023-10-18,77.0
6,2023-10-18,5.0
7,2023-10-18,2.0
8,2023-10-18,7.0
9,2023-10-18,20.0
10,2023-10-18,31.0
12,2023-10-18,1.0
1,2023-10-19,29.0
2,2023-10-19,34.0
3,2023-10-19,80.0
6,2023-10-19,5.0
7,2023-10-19,3.0
8,2023-10-19,8.0
9,2023-10-19,20.0
10,2023-10-19,30.0
12,2023-10-19,1.0
1,2023-10-20,25.0
2,2023-10-20,30.0
3,2023-10-20,86.0
5,2023-10-20,13.0
6,2023-10-20,5.0
7,2023-10-20,3.0
8,2023-10-20,9.0
9,2023-10-20,17.0
10,2023-10-20,29.0
12,2023-10-20,1.0
1,2023-10-21,25.0
2,2023-10-21,31.0
3,2023-10-21,92.0
6,2023-10-21,5.0
8,2023-10-21,9.0
9,2023-10-21,15.0
10,2023-10-21,28.0
12,2023-10-21,1.0
1,2023-10-22,24.0
2,2023-10-22,34.0
3,2023-10-22,98.0
6,2023-10-22,6.0
8,2023-10-22,9.0
9,2023-10-22,18.0
10,2023-10-22,28.0
11,2023-10-22,1.0
12,2023-10-22,1.0
1,2023-10-23,26.0
2,2023-10-23,35.0
3,2023-10-23,101.0
7,2023-10-23,2.0
8,2023-10-23,9.0
9,2023-10-23,19.0
10,2023-10-23,28.0
12,2023-10-23,1.0
1,2023-10-24,26.0
2,2023-10-24,32.0
3,2023-10-24,102.0
6,2023-10-24,4.0
7,2023-10-24,2.0
8,2023-10-24,8.0
9,2023-10-24,16.0
10,2023-10-24,27.0
12,2023-10-24,1.0
1,2023-10-25,25.0
2,2023-10-25,29.0
3,2023-10-25,96.0
4,2023-10-25,1.0
5,2023-10-25,8.0
6,2023-10-25,3.0
7,2023-10-25,2.0
8,2023-10-25,8.0
9,2023-10-25,14.0
10,2023-10-25,29.0
12,2023-10-25,1.0
1,2023-10-26,29.0
2,2023-10-26,28.0
3,2023-10-26,93.0
5,2023-10-26,8.0
6,2023-10-26,4.0
7,2023-10-26,3.0
8,2023-10-26,8.0
9,2023-10-26,13.0
10,2023-10-26,29.0
12,2023-10-26,1.0
1,2023-10-27,29.0
2,2023-10-27,28.0
3,2023-10-27,91.0
5,2023-10-27,8.0
6,2023-10-27,3.0
7,2023-10-27,4.0
8,2023-10-27,7.0
9,2023-10-27,15.0
10,2023-10-27,30.0
11,2023-10-27,1.0
12,2023-10-27,1.0
1,2023-10-28,27.0
2,2023-10-28,30.0
3,2023-10-28,91.0
5,2023-10-28,9.0
6,2023-10-28,4.0
8,2023-10-28,7.0
9,2023-10-28,16.0
10,2023-10-28,30.0
11,2023-10-28,1.0
12,2023-10-28,1.0
1,2023-10-29,28.0
2,2023-10-29,34.0
3,2023-10-29,95.0
5,2023-10-29,8.0
6,2023-10-29,5.0
7,2023-10-29,3.0
8,2023-10-29,7.0
9,2023-10-29,17.0
10,2023-10-29,31.0
11,2023-10-29,1.0
12,2023-10-29,1.0
1,2023-10-30,27.0
2,2023-10-30,35.0
3,2023-10-30,98.0
4,2023-10-30,1.0
5,2023-10-30,8.0
6,2023-10-30,6.0
7,2023-10-30,3.0
8,2023-10-30,7.0
9,2023-10-30,19.0
10,2023-10-30,31.0
11,2023-10-30,1.0
12,2023-10-30,1.0
