datetime,max_temp,min_temp,temp,rh,precip,wind_spd,solar_rad,snow
2019-01-01,7.0,-4.0,1.2,64.8,0.0,1.9,102,0.0
2019-01-02,5.0,-6.0,-0.1,85.7,4.5,1.2,36,19.5
2019-01-03,3.0,-0.1,0.7,89.7,8.0,2.5,24,46.5
2019-01-04,8.0,-4.0,0.4,70.8,0.0,2.2,118,0.0
2019-01-05,3.0,-6.0,-1.9,83.0,0.0,1.5,52,0.0
2019-01-06,10.0,-2.7,3.5,76.8,6.5,3.6,89,40.5
2019-01-07,7.0,-3.0,3.9,48.3,1.0,4.6,132,0.0
2019-01-08,8.0,-7.0,-0.7,67.0,0.0,1.5,137,0.0
2019-01-09,8.0,-1.0,3.9,47.3,0.0,4.7,131,0.0
2019-01-10,5.0,-8.0,-1.1,47.6,0.0,3.2,134,0.0
2019-01-11,6.1,-9.8,-3.0,63.0,0.0,1.0,140,0.0
2019-01-12,7.0,-9.1,-2.9,68.6,0.0,1.2,70,0.0
2019-01-13,9.0,-5.0,3.0,73.3,5.5,3.7,41,0.0
2019-01-14,8.0,2.0,5.7,79.7,15.5,5.0,75,0.0
2019-01-15,10.0,-1.0,4.8,53.1,0.0,3.1,114,0.0
2019-01-16,12.0,-3.0,4.1,74.7,3.5,2.3,127,0.0
2019-01-17,9.0,-1.0,3.6,64.3,5.5,5.2,76,11.5
2019-01-18,-1.0,-5.4,-3.3,82.7,1.5,2.3,127,28.5
2019-01-19,0.0,-15.0,-7.2,81.6,0.0,2.0,148,0.0
2019-01-20,4.0,-14.0,-6.4,64.3,0.0,1.9,150,0.0
2019-01-21,4.0,-12.0,-4.4,63.3,0.0,1.4,151,0.0
2019-01-22,8.1,-9.0,-1.4,59.1,0.0,1.5,152,0.0
2019-01-23,8.0,-6.0,0.0,65.0,0.0,1.7,154,0.0
2019-01-24,8.5,-6.0,0.8,67.3,0.0,1.5,155,0.0
2019-01-25,9.0,-4.0,1.5,71.0,0.5,2.2,123,0.0
2019-01-26,12.0,-3.0,3.4,66.7,0.0,2.0,154,0.0
2019-01-27,12.0,-3.5,3.8,77.5,2.5,2.4,69,0.0
2019-01-28,10.0,4.0,6.9,76.7,30.0,4.7,22,0.0
2019-01-29,6.0,2.0,3.7,65.8,10.0,5.3,144,0.0
2019-01-30,8.5,-3.4,1.5,72.8,0.0,2.3,69,0.0
2019-01-31,11.2,-4.0,2.9,68.2,0.0,2.3,161,0.0
2019-02-01,10.0,-2.0,3.5,60.7,0.0,2.4,103,0.0
2019-02-02,10.0,-2.1,3.5,61.9,0.0,2.7,97,0.0
2019-02-03,3.0,-3.0,-0.5,80.2,9.0,3.5,88,77.0
2019-02-04,2.0,-5.0,-2.0,73.3,0.0,3.7,171,0.0
2019-02-05,5.0,-9.0,-2.2,63.9,0.0,1.6,174,0.0
2019-02-06,9.0,-10.0,-2.0,66.7,0.0,1.3,176,0.0
2019-02-07,7.3,-7.0,-0.4,67.5,0.0,1.1,54,0.0
2019-02-08,11.0,-4.4,3.3,64.1,1.5,1.9,75,0.0
2019-02-09,7.0,2.0,4.1,83.3,6.0,1.8,123,0.0
2019-02-10,9.0,-1.0,3.8,71.6,0.0,2.6,166,0.0
2019-02-11,2.0,-5.0,0.0,84.3,0.0,1.7,179,0.0
2019-02-12,3.0,-5.5,-0.9,79.7,0.0,3.0,157,0.0
2019-02-13,8.0,-7.0,-0.6,65.4,0.0,2.0,190,0.0
2019-02-14,11.0,-6.0,2.3,61.5,0.5,1.6,192,0.0
2019-02-15,7.0,1.0,3.9,84.2,3.0,2.7,124,0.0
2019-02-16,6.0,-2.0,2.8,61.8,3.0,4.8,140,2.0
2019-02-17,5.0,-2.0,1.6,67.1,0.0,5.2,126,0.0
2019-02-18,5.0,-4.0,0.6,62.9,0.0,3.7,124,0.0
2019-02-19,5.0,-2.0,1.1,60.2,0.0,4.6,123,0.0
2019-02-20,8.0,-7.4,-0.1,51.7,0.0,2.2,204,0.0
2019-02-21,9.0,-9.0,0.3,55.4,0.0,1.8,129,0.0
2019-02-22,8.0,-3.9,1.4,57.8,1.0,2.3,183,0.0
2019-02-23,10.3,-5.0,1.3,64.7,0.5,2.0,204,0.0
2019-02-24,8.0,-5.0,1.0,82.3,3.0,2.2,194,6.5
2019-02-25,10.0,-2.0,2.9,68.9,0.0,2.2,206,0.0
2019-02-26,11.0,-4.0,4.3,52.0,0.0,3.4,217,0.0
2019-02-27,10.0,3.0,6.0,55.5,3.5,4.0,188,0.0
2019-02-28,5.0,0.0,3.2,65.9,2.5,3.7,174,1.0
2019-03-01,5.0,-4.0,1.9,64.8,4.0,5.3,110,2.0
2019-03-02,8.5,-5.6,0.8,59.3,0.0,3.1,226,0.0
2019-03-03,9.0,-4.5,1.8,58.8,0.0,2.9,229,0.0
2019-03-04,10.0,-6.0,2.0,59.6,0.5,2.5,211,0.0
2019-03-05,11.0,-6.0,2.3,59.5,0.0,2.1,225,0.0
2019-03-06,11.0,-5.0,3.3,56.8,1.0,2.1,198,0.0
2019-03-07,10.0,-5.0,3.3,50.0,0.0,3.1,175,0.0
2019-03-08,7.0,-2.0,1.8,72.6,17.5,3.7,74,164.0
2019-03-09,3.0,-5.0,-0.4,83.2,4.5,2.2,139,90.0
2019-03-10,5.0,-9.0,-2.2,76.7,0.0,2.4,209,0.0
2019-03-11,6.0,-4.0,1.0,80.3,0.0,2.0,77,0.0
2019-03-12,12.0,-4.0,3.7,64.3,0.0,2.6,248,0.0
2019-03-13,16.0,-2.0,6.8,52.2,0.0,2.6,147,0.0
2019-03-14,10.0,2.0,5.9,57.3,1.0,4.8,80,0.0
2019-03-15,10.0,0.0,4.1,73.0,7.0,3.2,197,0.0
2019-03-16,13.0,-1.0,5.9,55.0,0.0,3.8,235,0.0
2019-03-17,4.0,0.0,1.9,83.0,11.0,3.1,67,18.5
2019-03-18,8.0,0.0,3.8,64.7,0.5,3.4,225,0.0
2019-03-19,11.0,-4.0,3.7,62.3,0.0,2.4,238,0.0
2019-03-20,9.0,-2.0,2.9,60.8,0.0,2.3,230,0.0
2019-03-21,9.0,-4.0,2.3,58.4,0.5,2.3,261,0.0
2019-03-22,13.0,-4.0,4.5,55.2,0.0,2.2,270,0.0
2019-03-23,14.0,-2.0,6.5,49.3,0.0,2.9,255,0.0
2019-03-24,8.0,4.0,6.3,78.7,7.0,4.2,62,0.0
2019-03-25,10.0,2.0,5.1,85.1,34.5,6.0,34,0.0
2019-03-26,7.0,0.0,3.2,85.8,10.5,4.3,68,19.0
2019-03-27,9.0,1.0,5.0,73.5,1.0,3.1,219,0.0
2019-03-28,9.0,1.0,4.3,74.7,4.0,3.3,154,1.0
2019-03-29,12.0,0.0,5.2,65.0,0.0,3.0,146,0.0
2019-03-30,14.0,2.0,8.1,63.7,1.0,2.9,190,0.0
2019-03-31,8.0,3.0,5.3,91.2,26.0,4.1,58,0.0
2019-04-01,4.0,0.0,0.8,97.3,51.0,2.4,40,268.0
2019-04-02,9.0,1.0,5.1,63.9,0.0,4.8,258,0.0
2019-04-03,11.0,0.0,5.2,69.4,1.0,2.1,211,0.0
2019-04-04,12.0,2.0,7.3,71.8,1.5,2.3,289,0.0
2019-04-05,12.0,0.0,7.0,79.5,3.0,2.1,97,0.0
2019-04-06,17.0,5.0,11.1,64.8,10.0,4.5,150,0.0
2019-04-07,14.0,6.0,10.6,73.3,7.5,2.9,86,0.0
2019-04-08,15.0,4.0,9.0,77.8,1.5,3.3,275,0.0
2019-04-09,16.0,2.0,9.3,65.5,1.0,3.0,290,0.0
2019-04-10,17.0,2.0,10.2,62.3,0.0,2.6,282,0.0
2019-04-11,18.0,3.0,10.9,62.3,0.5,2.3,202,0.0
2019-04-12,16.0,5.0,10.4,65.1,1.0,2.4,156,0.0
2019-04-13,18.0,3.0,10.5,58.2,1.0,2.5,303,0.0
2019-04-14,18.0,2.0,10.2,53.0,0.0,2.1,311,0.0
2019-04-15,20.0,4.0,12.5,37.0,0.0,3.5,302,0.0
2019-04-16,20.0,8.0,13.3,40.0,0.5,3.7,173,0.0
2019-04-17,20.0,8.0,15.2,42.0,0.0,7.0,281,0.0
2019-04-18,15.0,7.0,11.8,48.6,0.0,5.3,238,0.0
2019-04-19,16.0,6.0,10.7,63.3,2.0,3.8,314,0.0
2019-04-20,13.0,4.0,9.3,46.5,6.0,5.2,299,0.0
2019-04-21,15.0,-1.0,8.2,41.4,0.0,2.8,323,0.0
2019-04-22,11.0,2.0,7.3,47.0,6.0,5.5,249,0.0
2019-04-23,8.0,-1.0,3.3,67.3,6.5,4.0,233,0.0
2019-04-24,10.0,-3.0,3.6,57.2,0.0,2.7,323,0.0
2019-04-25,12.0,-4.0,4.6,51.7,0.0,2.9,207,0.0
2019-04-26,13.0,-1.0,6.4,53.9,0.5,3.2,309,0.0
2019-04-27,15.0,0.0,8.6,55.0,0.0,2.3,275,0.0
2019-04-28,17.0,3.0,10.5,49.7,0.0,3.4,271,0.0
2019-04-29,19.0,1.0,11.6,47.4,0.0,3.3,328,0.0
2019-04-30,19.0,7.0,13.4,47.9,0.0,3.6,331,0.0
2019-05-01,21.0,4.0,13.1,52.5,0.0,2.6,269,0.0
2019-05-02,22.0,6.0,15.0,48.8,0.5,3.3,327,0.0
2019-05-03,22.0,8.0,15.2,49.4,1.5,4.3,126,0.0
2019-05-04,21.0,6.0,14.0,59.4,5.0,4.3,132,0.0
2019-05-05,23.0,9.0,17.2,44.8,0.0,3.9,333,0.0
2019-05-06,24.0,4.0,16.3,42.8,1.0,2.5,281,0.0
2019-05-07,24.0,6.0,15.2,51.3,1.0,2.9,285,0.0
2019-05-08,22.0,6.0,13.8,61.2,1.0,2.9,320,0.0
2019-05-09,21.0,9.0,15.2,59.7,6.5,3.8,238,0.0
2019-05-10,22.0,9.0,13.9,65.1,7.0,3.8,183,0.0
2019-05-11,23.0,2.0,13.4,50.1,0.0,2.5,341,0.0
2019-05-12,25.0,3.0,15.0,43.4,0.0,2.5,348,0.0
2019-05-13,25.0,5.0,16.3,47.0,0.0,2.5,344,0.0
2019-05-14,26.0,6.0,17.0,47.8,0.5,2.5,343,0.0
2019-05-15,26.0,7.0,17.3,45.4,1.0,2.5,325,0.0
2019-05-16,26.0,6.0,17.7,44.2,0.0,2.7,327,0.0
2019-05-17,28.0,8.0,19.1,38.7,1.0,3.4,313,0.0
2019-05-18,26.0,7.0,17.4,42.4,0.5,2.8,323,0.0
2019-05-19,25.0,8.0,16.2,51.5,3.5,3.1,152,0.0
2019-05-20,25.0,9.0,16.4,56.3,1.0,4.0,215,0.0
2019-05-21,24.0,7.0,16.4,50.9,0.5,3.5,314,0.0
2019-05-22,23.0,8.0,15.5,55.3,0.0,2.4,348,0.0
2019-05-23,26.0,7.0,17.7,48.7,0.0,2.7,339,0.0
2019-05-24,29.0,11.0,20.2,40.6,0.5,3.6,352,0.0
2019-05-25,30.0,10.0,19.3,41.9,1.0,2.7,295,0.0
2019-05-26,29.0,11.0,19.5,44.3,0.5,4.4,282,0.0
2019-05-27,29.0,8.0,20.1,35.5,0.0,4.2,278,0.0
2019-05-28,29.0,8.0,20.1,29.6,0.0,3.5,348,0.0
2019-05-29,29.0,9.0,19.9,32.4,0.0,3.2,348,0.0
2019-05-30,26.0,10.0,18.5,40.7,0.0,3.0,359,0.0
2019-05-31,25.0,6.0,16.6,41.4,0.0,2.6,361,0.0
2019-06-01,26.0,7.0,17.2,43.4,0.0,2.3,361,0.0
2019-06-02,28.0,6.0,18.1,35.5,0.0,2.6,362,0.0
2019-06-03,29.0,8.0,19.4,31.3,0.0,2.3,362,0.0
2019-06-04,31.0,8.0,21.0,27.1,0.0,2.6,362,0.0
2019-06-05,33.0,10.0,22.5,32.0,0.0,2.1,329,0.0
2019-06-06,34.0,13.0,24.1,29.5,1.0,2.9,303,0.0
2019-06-07,33.0,12.0,23.5,32.6,0.0,2.5,342,0.0
2019-06-08,33.0,14.0,24.0,34.0,0.0,2.7,335,0.0
2019-06-09,33.0,11.0,22.9,32.6,0.0,3.2,353,0.0
2019-06-10,30.0,13.0,22.0,41.3,2.0,2.9,248,0.0
2019-06-11,33.0,12.0,22.5,45.1,0.5,2.9,304,0.0
2019-06-12,32.0,12.0,22.2,42.5,0.5,3.2,347,0.0
2019-06-13,30.0,8.0,21.1,21.8,0.0,3.2,365,0.0
2019-06-14,30.0,10.0,21.5,23.9,0.0,2.8,365,0.0
2019-06-15,32.0,10.0,21.5,26.3,0.0,2.8,365,0.0
2019-06-16,33.0,11.0,23.1,25.5,0.0,3.0,363,0.0
2019-06-17,32.0,13.0,23.7,23.2,0.0,3.1,365,0.0
2019-06-18,31.0,13.0,22.9,26.9,0.0,2.6,365,0.0
2019-06-19,31.0,12.0,22.1,27.2,0.0,2.7,365,0.0
2019-06-20,32.0,12.0,23.8,28.0,0.0,3.2,365,0.0
2019-06-21,32.0,13.0,23.8,26.8,0.0,3.1,365,0.0
2019-06-22,34.0,13.0,24.2,27.6,0.0,2.8,365,0.0
2019-06-23,36.0,13.0,25.3,24.3,0.0,3.1,364,0.0
2019-06-24,36.0,14.0,26.6,23.6,0.0,3.1,364,0.0
2019-06-25,36.0,14.0,27.0,20.1,0.0,3.4,364,0.0
2019-06-26,37.0,15.0,26.7,21.9,0.0,2.7,364,0.0
2019-06-27,35.0,13.0,26.6,25.4,0.0,2.6,364,0.0
2019-06-28,34.0,14.0,25.5,28.3,0.0,2.6,364,0.0
2019-06-29,35.0,15.0,26.3,23.5,0.0,3.3,363,0.0
2019-06-30,35.0,14.0,25.6,24.4,0.0,2.9,363,0.0
2019-07-01,34.0,13.0,25.1,24.4,0.0,2.9,363,0.0
2019-07-02,31.0,14.0,22.6,36.3,0.0,3.9,363,0.0
2019-07-03,37.0,14.0,25.3,33.8,0.0,3.5,362,0.0
2019-07-04,36.0,12.0,25.0,26.5,0.0,2.4,362,0.0
2019-07-05,36.0,13.0,25.6,20.9,0.0,2.5,362,0.0
2019-07-06,36.0,15.0,26.2,21.3,0.0,3.0,361,0.0
2019-07-07,34.0,13.0,24.8,16.9,0.0,2.9,361,0.0
2019-07-08,35.0,14.0,25.6,25.5,0.0,2.8,360,0.0
2019-07-09,33.0,15.0,25.0,23.8,0.0,2.9,359,0.0
2019-07-10,32.0,17.0,24.2,35.1,0.0,3.3,343,0.0
2019-07-11,35.0,15.0,26.0,30.6,0.0,2.9,351,0.0
2019-07-12,35.0,15.0,26.1,22.1,0.0,3.0,358,0.0
2019-07-13,34.0,14.0,25.0,21.4,0.0,2.7,358,0.0
2019-07-14,36.0,11.0,25.4,21.4,0.0,2.8,357,0.0
2019-07-15,36.0,15.0,26.4,17.5,0.0,2.9,357,0.0
2019-07-16,37.0,17.0,28.2,17.8,0.0,2.9,354,0.0
2019-07-17,38.0,17.0,28.8,15.9,0.0,3.1,350,0.0
2019-07-18,36.0,17.0,27.5,17.4,0.0,3.1,310,0.0
2019-07-19,38.0,20.0,29.5,15.1,0.0,3.5,291,0.0
2019-07-20,38.0,20.0,29.9,12.0,0.0,5.0,345,0.0
2019-07-21,36.0,16.0,27.4,17.1,0.0,4.5,339,0.0
2019-07-22,36.0,20.0,29.0,20.1,0.0,4.3,305,0.0
2019-07-23,36.0,18.0,28.2,23.3,0.0,2.8,282,0.0
2019-07-24,37.0,19.0,28.4,19.6,0.0,3.0,302,0.0
2019-07-25,35.0,17.0,26.7,17.1,0.0,3.0,324,0.0
2019-07-26,37.0,18.0,28.1,16.5,0.0,2.6,347,0.0
2019-07-27,37.0,18.0,28.0,21.2,0.0,3.1,295,0.0
2019-07-28,33.0,16.0,25.9,18.6,0.0,3.9,347,0.0
2019-07-29,33.0,13.0,24.0,19.2,0.0,2.8,346,0.0
2019-07-30,33.0,14.0,24.4,21.3,0.0,2.4,345,0.0
2019-07-31,37.0,12.0,25.8,22.3,0.0,2.2,343,0.0
2019-08-01,38.0,17.0,28.2,19.4,0.0,3.3,273,0.0
2019-08-02,36.0,18.0,28.0,17.6,0.0,2.9,342,0.0
2019-08-03,36.0,15.0,26.5,18.3,0.0,2.7,341,0.0
2019-08-04,34.0,16.0,25.6,25.1,0.0,2.6,340,0.0
2019-08-05,35.0,16.0,26.4,23.9,0.0,2.6,339,0.0
2019-08-06,37.0,19.0,27.4,27.2,0.0,3.1,338,0.0
2019-08-07,37.0,17.0,27.0,35.2,0.5,4.4,326,0.0
2019-08-08,37.0,22.0,29.9,25.2,0.0,6.1,268,0.0
2019-08-09,37.0,25.0,29.8,20.5,0.0,6.3,290,0.0
2019-08-10,37.0,18.0,29.0,21.4,0.0,3.6,270,0.0
2019-08-11,36.0,20.0,28.3,23.6,0.0,2.8,258,0.0
2019-08-12,35.0,19.0,27.2,27.9,3.5,3.9,307,0.0
2019-08-13,33.0,16.0,24.7,34.0,1.5,4.0,310,0.0
2019-08-14,33.0,14.0,24.3,37.0,0.0,2.9,323,0.0
2019-08-15,33.0,15.0,24.6,32.5,0.0,2.7,306,0.0
2019-08-16,34.0,15.0,25.3,30.8,0.0,3.0,314,0.0
2019-08-17,35.0,14.0,26.1,20.0,0.0,3.5,248,0.0
2019-08-18,35.0,14.0,25.6,15.3,0.0,3.7,275,0.0
2019-08-19,35.0,13.0,25.5,16.8,0.0,2.9,285,0.0
2019-08-20,35.0,13.0,25.1,16.9,0.0,2.5,306,0.0
2019-08-21,35.0,17.0,25.4,17.6,0.0,2.6,291,0.0
2019-08-22,35.0,12.0,24.5,18.8,0.0,2.6,316,0.0
2019-08-23,33.0,12.0,24.0,18.6,0.0,3.5,315,0.0
2019-08-24,34.0,13.0,24.5,18.5,0.0,2.6,288,0.0
2019-08-25,35.0,13.0,24.7,18.8,0.0,3.3,298,0.0
2019-08-26,34.0,13.0,24.9,22.1,0.0,2.0,298,0.0
2019-08-27,34.0,14.0,24.3,20.2,0.0,2.6,271,0.0
2019-08-28,33.0,14.0,24.3,22.4,0.0,2.5,237,0.0
2019-08-29,32.0,13.0,23.6,21.8,0.0,2.3,300,0.0
2019-08-30,32.0,12.0,22.8,27.6,0.0,2.8,297,0.0
2019-08-31,33.0,12.0,23.3,26.6,0.0,3.1,254,0.0
2019-09-01,33.0,12.0,22.9,22.0,0.0,3.0,300,0.0
2019-09-02,32.0,13.0,23.2,24.1,0.0,4.0,299,0.0
2019-09-03,32.0,13.0,22.5,22.7,0.0,3.0,297,0.0
2019-09-04,33.0,12.0,22.8,26.0,0.0,2.3,295,0.0
2019-09-05,32.0,11.0,22.0,25.6,0.0,3.0,294,0.0
2019-09-06,31.0,9.0,21.4,19.2,0.0,2.1,292,0.0
2019-09-07,33.0,12.0,22.4,21.0,0.0,2.3,290,0.0
2019-09-08,31.0,12.0,21.8,24.4,0.0,2.3,288,0.0
2019-09-09,29.0,10.0,19.4,41.0,0.0,2.8,286,0.0
2019-09-10,29.0,10.0,19.8,36.7,0.0,4.0,285,0.0
2019-09-11,30.0,10.0,19.8,32.1,0.0,2.8,283,0.0
2019-09-12,29.0,8.0,18.8,32.0,0.0,2.6,281,0.0
2019-09-13,27.0,9.0,18.0,38.9,0.0,2.3,279,0.0
2019-09-14,28.0,8.0,18.6,39.0,0.0,2.5,277,0.0
2019-09-15,30.0,8.0,19.3,34.1,0.0,2.4,275,0.0
2019-09-16,32.0,10.0,21.8,28.3,0.0,3.1,235,0.0
2019-09-17,32.0,11.0,22.8,27.0,0.0,2.6,270,0.0
2019-09-18,32.0,12.0,22.4,24.8,0.0,3.1,269,0.0
2019-09-19,33.0,9.0,20.3,21.4,0.0,2.1,268,0.0
2019-09-20,33.0,8.0,20.6,17.9,0.0,2.0,266,0.0
2019-09-21,32.0,12.0,22.2,20.8,0.0,2.7,253,0.0
2019-09-22,31.0,12.0,22.8,22.0,0.0,3.7,262,0.0
2019-09-23,30.0,12.0,21.6,22.9,0.0,3.9,259,0.0
2019-09-24,29.0,8.0,19.5,23.4,0.0,3.1,258,0.0
2019-09-25,29.0,5.0,18.4,17.0,0.0,2.8,256,0.0
2019-09-26,30.0,8.0,19.9,23.1,0.0,3.1,253,0.0
2019-09-27,31.0,11.0,21.4,21.3,0.0,3.8,251,0.0
2019-09-28,30.0,8.0,20.6,19.0,0.0,4.2,249,0.0
2019-09-29,30.0,11.0,22.0,21.1,0.0,4.1,241,0.0
2019-09-30,28.0,11.0,20.5,21.0,0.0,4.9,245,0.0
2019-10-01,28.0,7.0,18.5,21.9,0.0,3.4,243,0.0
2019-10-02,28.0,10.0,18.8,22.0,0.0,3.1,233,0.0
2019-10-03,29.0,7.0,17.9,31.3,0.5,2.7,222,0.0
2019-10-04,28.0,10.0,18.5,29.5,0.0,2.8,237,0.0
2019-10-05,26.0,7.0,16.2,26.5,0.0,2.2,235,0.0
2019-10-06,27.0,4.0,16.3,26.4,0.0,3.1,232,0.0
2019-10-07,25.0,6.0,16.7,26.1,0.0,3.7,230,0.0
2019-10-08,26.0,7.0,16.9,31.5,0.0,2.4,227,0.0
2019-10-09,26.0,8.0,17.2,30.8,0.0,2.6,225,0.0
2019-10-10,26.0,8.0,17.1,28.8,0.0,2.3,224,0.0
2019-10-11,28.0,6.0,16.5,29.8,0.0,2.1,222,0.0
2019-10-12,27.0,5.0,16.9,31.7,0.0,2.5,170,0.0
2019-10-13,22.0,8.0,14.9,49.0,4.0,3.0,209,0.0
2019-10-14,22.0,5.0,14.0,53.3,1.5,2.5,209,0.0
2019-10-15,23.0,5.0,14.1,46.1,0.0,2.1,214,0.0
2019-10-16,25.0,3.0,14.3,35.1,0.0,1.9,210,0.0
2019-10-17,24.0,5.0,14.5,29.3,0.0,1.9,207,0.0
2019-10-18,24.0,6.0,14.8,30.4,0.0,1.3,201,0.0
2019-10-19,24.0,6.0,15.3,32.3,0.0,2.1,150,0.0
2019-10-20,17.0,8.0,12.8,60.4,3.5,3.3,139,0.0
2019-10-21,18.0,5.0,11.4,73.9,0.0,1.5,173,0.0
2019-10-22,16.0,8.0,11.3,85.1,8.0,2.7,94,0.0
2019-10-23,15.0,8.0,11.0,86.8,6.0,2.4,175,0.0
2019-10-24,14.0,8.0,10.4,89.5,9.5,1.5,91,0.0
2019-10-25,15.0,8.0,10.4,91.7,9.0,1.4,149,0.0
2019-10-26,17.0,7.0,10.4,81.2,5.5,2.1,156,0.0
2019-10-27,14.0,6.0,9.1,92.8,6.0,1.7,98,0.0
2019-10-28,13.0,7.0,9.8,89.3,6.5,1.8,133,0.0
2019-10-29,17.0,7.0,11.3,73.6,0.0,2.3,174,0.0
2019-10-30,15.0,5.0,9.0,71.8,0.0,2.6,113,0.0
2019-10-31,16.0,2.0,8.5,74.4,0.0,1.9,167,0.0
2019-11-01,17.0,2.0,9.0,67.2,0.0,1.9,181,0.0
2019-11-02,17.0,2.0,9.3,57.4,0.0,2.1,179,0.0
2019-11-03,16.0,4.0,9.5,66.2,0.0,2.8,152,0.0
2019-11-04,17.0,2.0,8.5,69.7,0.5,1.9,172,0.0
2019-11-05,17.0,0.0,8.0,70.8,0.0,1.3,170,0.0
2019-11-06,17.0,0.0,7.7,69.0,0.0,1.3,172,0.0
2019-11-07,16.0,-1.0,7.0,62.6,0.0,1.4,171,0.0
2019-11-08,15.0,0.0,6.1,54.3,0.0,1.8,169,0.0
2019-11-09,15.0,-3.0,5.4,54.2,0.0,1.7,168,0.0
2019-11-10,15.0,-3.0,5.5,47.1,0.0,2.3,166,0.0
2019-11-11,15.7,-5.0,4.1,49.2,0.0,1.5,165,0.0
2019-11-12,15.0,-5.0,3.9,47.7,0.0,1.6,163,0.0
2019-11-13,15.0,-5.0,4.0,43.7,0.0,1.6,161,0.0
2019-11-14,14.0,-4.0,5.0,45.4,0.0,1.5,81,0.0
2019-11-15,11.0,-3.0,4.0,55.7,0.0,2.2,158,0.0
2019-11-16,5.0,-6.0,-0.6,60.4,0.0,2.7,131,0.0
2019-11-17,4.0,-5.6,-0.8,64.4,0.0,2.3,137,0.0
2019-11-18,2.0,-4.0,-1.0,86.8,1.5,1.8,109,15.5
2019-11-19,1.0,-3.0,-0.9,87.4,0.5,1.5,128,1.0
2019-11-20,2.0,-4.1,-0.5,88.4,2.0,1.8,48,37.0
2019-11-21,7.0,-6.0,-0.3,75.0,0.0,1.7,146,0.0
2019-11-22,10.0,-6.0,0.5,70.8,0.0,1.2,149,0.0
2019-11-23,4.0,-2.2,-0.2,80.4,0.0,1.3,68,0.0
2019-11-24,5.0,-2.0,1.0,83.8,0.0,2.0,88,0.0
2019-11-25,6.7,-6.0,-0.3,79.3,0.0,1.2,125,0.0
2019-11-26,12.0,-0.9,3.9,69.4,0.0,0.9,144,0.0
2019-11-27,13.0,-3.0,5.0,65.4,0.0,1.5,136,0.0
2019-11-28,9.0,1.0,4.5,81.7,5.5,1.7,33,0.0
2019-11-29,13.0,1.0,5.7,73.5,0.0,1.9,74,0.0
2019-11-30,12.0,-0.5,5.7,69.0,0.0,2.8,129,0.0
2019-12-01,13.0,-1.0,5.2,68.0,0.0,1.8,90,0.0
2019-12-02,10.2,3.0,5.5,78.9,7.0,1.8,37,0.0
2019-12-03,6.0,1.9,3.2,95.5,19.5,1.9,14,0.0
2019-12-04,9.5,-1.0,3.6,81.1,0.0,1.8,60,0.0
2019-12-05,10.0,-2.0,3.1,75.4,0.0,1.4,129,0.0
2019-12-06,8.0,-3.3,1.9,83.3,5.5,1.7,67,0.0
2019-12-07,4.2,0.0,2.5,91.5,6.5,4.4,26,7.0
2019-12-08,4.0,-3.7,0.1,91.1,6.0,2.2,105,27.5
2019-12-09,5.9,-4.8,-0.5,79.7,0.0,2.2,77,0.0
2019-12-10,7.0,-5.2,0.2,72.8,0.0,1.3,130,0.0
2019-12-11,8.0,-2.2,1.9,76.5,0.0,2.6,106,0.0
2019-12-12,6.0,-5.2,0.6,78.0,0.0,1.6,101,0.0
2019-12-13,3.3,-1.0,1.2,87.7,0.5,1.1,73,1.0
2019-12-14,4.1,-1.1,1.4,96.1,0.0,1.1,124,0.0
2019-12-15,4.1,-0.4,1.5,91.4,0.0,1.4,131,0.0
2019-12-16,3.0,-2.0,0.5,87.2,0.0,1.6,62,0.0
2019-12-17,2.2,-1.5,0.6,96.2,10.0,2.1,54,39.0
2019-12-18,3.9,-6.7,-0.5,93.3,0.0,1.4,91,0.0
2019-12-19,3.0,-10.7,-4.7,77.5,0.0,1.5,128,0.0
2019-12-20,6.0,-10.0,-2.8,61.5,0.0,1.2,131,0.0
2019-12-21,7.0,-9.0,-1.5,62.1,0.0,0.8,131,0.0
2019-12-22,7.8,-9.0,-1.0,64.0,0.0,1.4,100,0.0
2019-12-23,8.9,-7.0,0.0,65.1,0.0,1.9,131,0.0
2019-12-24,7.8,-7.0,0.1,59.5,0.0,1.4,131,0.0
2019-12-25,9.6,-8.0,0.6,52.0,0.0,1.5,131,0.0
2019-12-26,5.0,-3.9,1.3,70.4,5.0,2.8,96,4.5
2019-12-27,8.0,0.0,4.5,70.6,0.5,3.4,124,0.0
2019-12-28,8.0,-3.0,1.6,74.8,0.0,2.1,97,0.0
2019-12-29,6.0,-5.0,0.1,74.1,0.0,1.3,124,0.0
2019-12-30,6.7,-5.0,0.0,76.1,0.0,1.4,93,0.0
2019-12-31,9.1,-4.2,1.5,79.1,0.0,2.0,123,0.0
2020-01-01,5.6,-4.8,0.4,73.0,0.0,2.6,130,0.0
2020-01-02,5.6,-4.1,0.1,71.0,0.0,2.1,72,0.0
2020-01-03,4.4,-2.2,0.6,76.3,0.5,1.1,127,0.0
2020-01-04,4.1,-2.2,0.6,85.1,2.5,1.8,126,9.0
2020-01-05,2.6,-3.7,-1.1,72.1,0.0,2.3,101,0.0
2020-01-06,4.1,-4.4,-0.5,71.0,0.0,1.7,108,0.0
2020-01-07,6.3,-5.2,-0.1,61.5,0.0,0.6,137,0.0
2020-01-08,5.9,-4.8,0.6,52.0,2.0,1.9,136,14.0
2020-01-09,2.2,-4.4,-1.3,79.1,2.5,1.9,97,37.0
2020-01-10,1.9,-4.1,-1.8,73.5,0.0,1.1,56,0.0
2020-01-11,0.4,-5.9,-2.9,80.0,0.0,2.1,94,0.0
2020-01-12,1.9,-7.8,-3.5,69.0,0.0,1.7,124,0.0
2020-01-13,1.1,-5.2,-1.9,75.4,3.0,1.7,43,44.0
2020-01-14,-0.4,-5.2,-2.8,82.7,2.5,1.6,130,50.0
2020-01-15,3.0,-8.9,-2.5,62.4,0.0,1.0,144,0.0
2020-01-16,3.7,-1.9,0.3,64.8,1.0,1.4,52,4.5
2020-01-17,6.7,-0.4,2.2,66.4,1.0,1.9,126,7.0
2020-01-18,3.7,-0.7,1.0,81.7,4.5,1.5,119,17.5
2020-01-19,3.3,-2.2,0.3,89.5,2.0,2.0,133,3.5
2020-01-20,3.7,-3.3,0.3,78.8,0.0,1.2,111,0.0
2020-01-21,2.2,-2.2,-0.1,82.6,1.5,1.1,116,3.5
2020-01-22,-0.4,-3.7,-2.1,91.5,10.0,2.8,33,184.5
2020-01-23,-1.5,-8.1,-4.6,89.5,0.0,2.6,98,0.0
2020-01-24,-0.4,-7.8,-3.8,81.7,0.0,2.2,103,0.0
2020-01-25,-0.7,-7.4,-4.3,82.7,0.0,1.2,152,0.0
2020-01-26,1.5,-12.6,-5.5,73.8,0.0,0.8,157,0.0
2020-01-27,3.3,-7.8,-3.4,58.3,0.0,0.9,159,0.0
2020-01-28,3.7,-6.7,-2.4,51.2,0.0,0.8,139,0.0
2020-01-29,4.1,-3.0,-0.6,58.5,0.0,1.7,59,0.0
2020-01-30,4.4,-3.0,-0.4,62.9,0.0,3.1,151,0.0
2020-01-31,5.6,-5.9,-0.8,64.6,0.0,3.1,161,0.0
2020-02-01,-0.4,-4.8,-2.0,70.3,5.0,3.8,139,87.0
2020-02-02,-1.1,-8.5,-5.1,70.5,0.0,2.3,168,0.0
2020-02-03,1.1,-11.9,-5.6,67.3,0.0,1.5,171,0.0
2020-02-04,4.1,-6.7,-1.8,66.5,0.0,3.2,166,0.0
2020-02-05,5.6,-1.9,1.4,68.5,0.0,2.7,166,0.0
2020-02-06,9.6,-3.7,2.4,57.7,0.0,2.1,176,0.0
2020-02-07,11.5,-0.4,5.8,60.6,0.0,3.5,163,0.0
2020-02-08,8.5,1.1,5.5,68.2,4.0,5.4,161,0.0
2020-02-09,2.6,-3.7,0.1,63.9,2.0,5.4,159,8.0
2020-02-10,-3.0,-12.6,-6.0,75.6,2.5,2.5,126,52.5
2020-02-11,-10.0,-16.3,-13.1,61.8,0.0,2.4,119,0.0
2020-02-12,-4.1,-18.5,-11.0,51.6,0.0,2.9,187,0.0
2020-02-13,3.0,-8.9,-2.2,73.4,0.0,2.6,117,0.0
2020-02-14,6.3,-4.8,0.4,63.1,0.0,3.5,192,0.0
2020-02-15,5.6,-8.5,-1.1,47.9,0.0,1.5,57,0.0
2020-02-16,10.0,-4.4,2.8,35.3,0.5,1.9,84,0.0
2020-02-17,4.1,0.0,2.4,73.9,4.5,2.1,133,10.5
2020-02-18,11.5,-2.2,4.4,65.8,0.0,1.6,195,0.0
2020-02-19,7.8,3.7,5.4,71.4,4.0,2.4,54,0.0
2020-02-20,3.7,-1.5,0.5,95.3,17.0,2.0,36,165.5
2020-02-21,8.9,-1.9,2.9,81.3,0.0,1.8,167,0.0
2020-02-22,9.6,0.0,4.3,62.9,0.0,2.2,199,0.0
2020-02-23,11.1,2.2,6.3,65.2,0.0,2.6,178,0.0
2020-02-24,11.1,2.6,6.5,74.2,2.0,2.4,55,0.0
2020-02-25,7.4,2.6,4.9,95.8,55.0,1.4,21,0.0
2020-02-26,3.3,-4.4,0.7,91.4,18.0,2.1,103,1.0
2020-02-27,8.9,-5.9,0.8,71.0,0.0,0.9,218,0.0
2020-02-28,13.7,-0.4,6.1,48.2,0.0,1.4,111,0.0
2020-02-29,14.4,1.1,7.4,49.3,0.0,2.2,223,0.0
2020-03-01,13.3,3.7,8.2,47.3,3.0,3.0,220,0.0
2020-03-02,4.4,-1.1,1.4,80.0,6.5,2.7,183,4.0
2020-03-03,6.3,-1.9,1.5,73.8,0.0,2.6,169,0.0
2020-03-04,10.7,-2.6,3.8,58.0,0.0,1.6,232,0.0
2020-03-05,13.7,-1.5,6.0,45.8,0.0,0.7,234,0.0
2020-03-06,16.3,1.5,9.0,38.6,0.0,0.8,236,0.0
2020-03-07,11.1,5.2,7.1,60.6,6.0,2.8,72,0.0
2020-03-08,11.5,1.9,6.2,51.4,0.5,3.0,202,0.0
2020-03-09,12.6,-1.1,5.4,43.3,0.0,2.1,242,0.0
2020-03-10,13.7,-0.4,6.5,27.4,0.0,0.9,188,0.0
2020-03-11,16.3,1.5,8.6,32.5,0.0,0.9,213,0.0
2020-03-12,17.4,3.3,10.5,35.5,0.0,1.0,107,0.0
2020-03-13,15.6,6.7,10.9,35.5,0.0,1.5,63,0.0
2020-03-14,10.0,5.6,8.0,59.1,7.0,2.8,110,0.0
2020-03-15,10.7,3.7,6.7,79.9,5.5,1.2,93,0.0
2020-03-16,12.2,4.8,8.4,69.2,0.0,2.5,131,0.0
2020-03-17,15.9,2.6,9.3,62.3,0.5,2.5,191,0.0
2020-03-18,8.9,4.1,6.2,84.8,10.0,3.0,45,0.0
2020-03-19,11.5,2.2,6.6,72.8,2.0,3.0,240,0.0
2020-03-20,11.5,0.0,5.7,53.7,1.0,2.4,263,0.0
2020-03-21,9.6,2.6,5.6,69.5,6.5,1.8,246,0.0
2020-03-22,4.1,0.7,2.5,89.5,11.0,1.9,62,30.5
2020-03-23,3.3,-1.5,0.9,86.8,7.0,3.4,131,92.0
2020-03-24,8.1,-3.7,2.0,77.0,0.0,1.9,244,0.0
2020-03-25,13.0,0.0,5.8,64.1,0.0,1.1,257,0.0
2020-03-26,10.4,1.5,5.8,78.1,4.0,2.6,144,0.0
2020-03-27,11.9,4.1,7.3,73.5,1.0,1.7,133,0.0
2020-03-28,7.4,3.7,5.6,85.1,8.0,2.5,73,0.0
2020-03-29,11.9,3.0,6.6,73.6,5.0,2.7,162,0.0
2020-03-30,8.9,0.4,4.1,68.4,5.5,3.8,254,0.0
2020-03-31,9.6,0.4,5.1,63.0,0.0,3.9,221,0.0
2020-04-01,10.4,4.8,7.4,71.4,2.5,2.6,152,0.0
2020-04-02,15.2,3.7,9.9,58.2,3.0,4.2,256,0.0
2020-04-03,13.7,5.6,9.3,54.5,0.0,3.2,136,0.0
2020-04-04,12.6,3.7,8.4,59.3,0.5,4.1,280,0.0
2020-04-05,15.2,2.6,8.6,51.4,0.0,1.9,296,0.0
2020-04-06,18.1,5.2,11.0,45.4,0.0,1.7,214,0.0
2020-04-07,16.7,9.3,12.2,70.6,4.5,3.4,125,0.0
2020-04-08,11.1,6.3,8.8,81.2,8.5,2.2,89,0.0
2020-04-09,8.9,3.7,6.3,90.4,15.0,2.4,88,0.0
2020-04-10,11.9,3.7,7.0,87.3,22.5,1.6,125,0.0
2020-04-11,11.1,2.6,6.9,65.4,1.0,3.1,297,0.0
2020-04-12,11.9,3.0,6.8,60.4,1.0,3.2,304,0.0
2020-04-13,11.1,2.6,6.5,66.2,4.5,1.8,286,0.0
2020-04-14,13.0,0.0,6.1,67.8,1.5,1.0,296,0.0
2020-04-15,15.2,1.9,8.9,55.5,0.0,1.2,257,0.0
2020-04-16,16.3,5.9,10.8,46.8,0.0,2.3,297,0.0
2020-04-17,16.7,4.8,10.8,48.0,2.5,1.3,285,0.0
2020-04-18,15.2,4.8,9.7,68.5,4.5,0.9,137,0.0
2020-04-19,16.7,4.8,11.0,68.8,2.0,0.8,268,0.0
2020-04-20,18.5,7.4,12.6,60.8,0.5,1.8,310,0.0
2020-04-21,18.1,7.8,12.8,60.0,0.0,2.2,300,0.0
2020-04-22,18.1,9.3,13.5,55.1,0.0,1.9,233,0.0
2020-04-23,14.4,10.7,12.5,68.2,7.5,3.1,257,0.0
2020-04-24,19.3,9.3,14.5,58.9,0.0,4.9,204,0.0
2020-04-25,19.6,10.4,14.9,47.5,4.0,4.7,298,0.0
2020-04-26,13.0,8.1,10.7,77.0,13.5,3.1,205,0.0
2020-04-27,14.1,3.7,8.9,58.4,0.0,3.3,258,0.0
2020-04-28,13.7,5.9,8.9,60.3,2.0,2.9,305,0.0
2020-04-29,13.7,4.4,9.0,74.2,9.0,1.5,115,0.0
2020-04-30,16.3,6.7,10.4,68.7,5.0,1.6,313,0.0
2020-05-01,18.1,6.3,12.0,57.3,0.0,2.4,301,0.0
2020-05-02,16.3,7.8,11.8,61.4,5.5,3.2,293,0.0
2020-05-03,17.4,7.8,12.4,54.6,0.5,4.1,311,0.0
2020-05-04,20.4,7.8,13.8,47.6,0.5,3.1,338,0.0
2020-05-05,20.7,8.9,15.0,48.4,0.0,3.0,162,0.0
2020-05-06,16.3,8.9,13.5,62.3,8.0,4.5,181,0.0
2020-05-07,15.9,7.0,11.1,52.0,0.0,4.9,287,0.0
2020-05-08,19.6,4.8,12.7,52.1,0.0,2.9,344,0.0
2020-05-09,22.6,8.1,15.9,44.0,0.0,2.1,332,0.0
2020-05-10,21.5,12.6,17.3,43.8,1.0,5.3,343,0.0
2020-05-11,20.0,8.1,13.4,46.6,0.0,3.1,347,0.0
2020-05-12,18.9,6.7,12.3,39.1,0.0,2.7,348,0.0
2020-05-13,21.9,5.6,14.2,33.8,0.0,1.7,349,0.0
2020-05-14,22.6,10.0,15.9,39.5,0.0,1.9,346,0.0
2020-05-15,23.3,9.3,16.2,48.2,0.0,1.8,343,0.0
2020-05-16,25.2,10.4,17.6,36.6,0.0,1.5,340,0.0
2020-05-17,27.0,13.7,19.9,33.9,0.0,1.7,350,0.0
2020-05-18,25.9,13.0,19.3,42.7,5.0,1.4,323,0.0
2020-05-19,26.3,14.1,19.4,43.1,0.5,1.7,275,0.0
2020-05-20,21.5,12.2,16.6,60.5,1.5,2.5,321,0.0
2020-05-21,26.7,11.1,18.5,53.0,1.0,1.5,339,0.0
2020-05-22,27.8,15.2,21.2,31.5,0.0,2.7,333,0.0
2020-05-23,27.8,13.3,20.4,27.4,1.0,2.6,307,0.0
2020-05-24,28.5,14.8,21.6,22.3,0.0,2.7,280,0.0
2020-05-25,29.3,14.8,22.7,21.2,0.0,4.6,331,0.0
2020-05-26,28.9,14.8,21.7,27.7,0.5,2.4,316,0.0
2020-05-27,29.3,14.4,22.0,23.1,0.0,1.7,345,0.0
2020-05-28,29.6,15.2,22.6,23.7,0.0,1.1,347,0.0
2020-05-29,30.4,16.7,23.2,22.5,0.0,2.0,311,0.0
2020-05-30,30.4,17.4,23.4,20.9,0.0,2.9,355,0.0
2020-05-31,29.3,15.2,21.7,15.0,0.0,3.3,318,0.0
2020-06-01,29.6,13.0,21.7,15.8,0.0,3.0,351,0.0
2020-06-02,28.9,17.0,22.5,25.6,1.0,4.1,294,0.0
2020-06-03,29.6,15.2,22.8,23.5,0.0,4.2,362,0.0
2020-06-04,30.0,15.6,22.6,21.3,0.0,3.4,362,0.0
2020-06-05,30.0,15.9,22.8,18.1,0.0,2.7,363,0.0
2020-06-06,28.1,13.7,21.1,16.9,0.0,2.9,363,0.0
2020-06-07,26.7,11.9,19.1,29.7,0.0,2.7,363,0.0
2020-06-08,28.9,11.1,20.3,33.8,0.5,2.9,347,0.0
2020-06-09,29.3,13.7,21.9,25.1,0.0,2.0,351,0.0
2020-06-10,29.3,14.1,22.2,24.7,1.5,1.9,348,0.0
2020-06-11,30.0,13.3,22.4,23.0,0.0,1.3,351,0.0
2020-06-12,30.4,17.4,23.8,16.5,0.0,3.3,364,0.0
2020-06-13,29.3,13.7,21.7,17.8,0.0,2.3,365,0.0
2020-06-14,28.1,14.8,21.5,17.9,0.0,3.0,365,0.0
2020-06-15,30.4,13.3,22.0,21.1,0.0,2.8,360,0.0
2020-06-16,30.4,15.6,23.5,21.1,0.0,1.6,324,0.0
2020-06-17,33.3,17.4,25.7,15.5,0.0,2.5,363,0.0
2020-06-18,33.0,15.9,24.6,16.7,0.0,2.3,365,0.0
2020-06-19,33.0,17.4,25.4,14.8,0.0,2.6,365,0.0
2020-06-20,30.0,16.3,23.5,17.4,0.0,3.4,365,0.0
2020-06-21,26.3,12.6,20.3,24.5,0.0,3.6,365,0.0
2020-06-22,27.4,14.1,20.9,32.0,0.0,2.2,364,0.0
2020-06-23,31.1,13.3,22.8,24.7,0.0,2.5,365,0.0
2020-06-24,33.7,15.9,25.4,22.2,0.0,3.2,365,0.0
2020-06-25,34.8,20.4,27.2,13.9,0.0,2.6,364,0.0
2020-06-26,33.7,16.7,25.3,16.0,0.0,1.7,364,0.0
2020-06-27,32.2,13.7,23.5,33.1,0.0,1.9,364,0.0
2020-06-28,32.2,15.6,24.5,25.8,0.0,3.1,364,0.0
2020-06-29,31.1,15.9,23.7,24.2,0.0,2.0,352,0.0
2020-06-30,31.5,15.2,23.9,27.5,0.0,2.1,363,0.0
2020-07-01,31.9,18.9,24.9,20.9,0.0,2.2,363,0.0
2020-07-02,30.7,15.6,23.5,24.8,0.0,2.0,351,0.0
2020-07-03,32.6,14.8,24.2,28.0,0.0,1.9,319,0.0
2020-07-04,33.0,17.4,25.6,26.5,0.0,3.3,319,0.0
2020-07-05,30.4,19.6,25.2,21.8,0.0,4.6,329,0.0
2020-07-06,29.3,19.6,24.5,19.7,0.0,4.4,294,0.0
2020-07-07,30.4,17.0,24.1,24.1,0.0,2.7,284,0.0
2020-07-08,31.5,18.5,25.6,23.3,0.0,1.4,261,0.0
2020-07-09,32.6,22.2,27.5,20.2,0.0,1.3,240,0.0
2020-07-10,33.7,20.7,27.9,20.7,0.0,2.1,259,0.0
2020-07-11,33.7,20.0,27.2,20.0,0.0,2.8,313,0.0
2020-07-12,32.2,18.9,25.6,26.6,0.0,3.0,325,0.0
2020-07-13,29.6,17.0,23.5,32.8,0.0,2.3,331,0.0
2020-07-14,30.7,17.4,23.7,25.2,0.0,2.4,355,0.0
2020-07-15,32.2,17.4,24.6,22.1,0.0,1.6,354,0.0
2020-07-16,29.3,17.4,23.2,41.9,2.0,2.3,320,0.0
2020-07-17,30.7,18.1,24.7,34.4,0.0,2.5,323,0.0
2020-07-18,31.9,19.3,26.4,29.3,0.0,2.3,287,0.0
2020-07-19,34.4,21.1,28.2,23.3,0.0,2.3,272,0.0
2020-07-20,35.6,21.5,28.7,19.9,0.0,3.2,330,0.0
2020-07-21,35.6,21.1,28.3,17.6,0.0,3.2,351,0.0
2020-07-22,35.9,20.0,28.3,17.0,0.0,2.6,271,0.0
2020-07-23,33.0,21.1,27.5,20.1,0.0,3.1,342,0.0
2020-07-24,33.7,20.4,27.1,20.5,0.0,2.1,341,0.0
2020-07-25,33.3,19.6,27.4,22.2,0.0,1.9,283,0.0
2020-07-26,33.0,24.8,28.8,19.0,0.0,1.0,305,0.0
2020-07-27,35.6,21.5,28.5,16.5,0.0,2.5,262,0.0
2020-07-28,36.3,20.7,29.3,13.2,0.0,1.2,269,0.0
2020-07-29,35.6,20.7,29.1,17.8,0.0,1.8,294,0.0
2020-07-30,36.7,20.7,28.7,19.8,0.0,1.9,339,0.0
2020-07-31,31.9,18.5,25.0,40.8,1.0,2.4,332,0.0
2020-08-01,33.7,17.0,25.4,29.5,0.0,3.5,343,0.0
2020-08-02,32.6,19.3,26.0,18.3,0.0,3.2,342,0.0
2020-08-03,33.3,18.5,26.0,16.0,0.0,1.2,341,0.0
2020-08-04,33.7,16.7,25.0,29.3,0.0,2.9,338,0.0
2020-08-05,33.7,17.4,25.3,26.9,0.0,3.0,339,0.0
2020-08-06,30.7,15.9,23.8,33.8,0.0,1.9,277,0.0
2020-08-07,30.4,17.0,23.4,38.9,0.0,3.0,316,0.0
2020-08-08,30.7,17.0,23.8,39.8,0.0,3.1,317,0.0
2020-08-09,33.0,18.1,25.2,26.6,0.0,2.4,334,0.0
2020-08-10,34.8,18.9,27.1,17.9,0.0,1.6,333,0.0
2020-08-11,35.6,18.5,27.0,15.3,0.0,2.3,332,0.0
2020-08-12,35.9,19.3,27.3,15.9,0.0,2.2,330,0.0
2020-08-13,35.6,17.4,26.9,18.6,0.0,2.1,329,0.0
2020-08-14,36.3,18.5,27.6,18.2,0.0,2.1,328,0.0
2020-08-15,34.4,17.0,26.2,23.2,0.0,2.1,327,0.0
2020-08-16,32.2,15.2,23.4,37.6,0.0,1.9,325,0.0
2020-08-17,33.0,15.2,24.3,31.4,0.0,1.5,324,0.0
2020-08-18,33.0,15.6,24.2,35.0,0.0,2.4,322,0.0
2020-08-19,33.7,15.9,25.0,25.2,0.0,2.8,321,0.0
2020-08-20,34.1,17.4,25.7,12.4,0.0,1.5,320,0.0
2020-08-21,34.1,17.8,25.7,12.1,0.0,2.0,318,0.0
2020-08-22,31.5,17.4,24.3,15.3,0.0,3.1,317,0.0
2020-08-23,29.6,16.3,22.9,19.4,0.0,4.5,315,0.0
2020-08-24,28.9,13.0,21.2,28.1,0.0,1.8,314,0.0
2020-08-25,27.4,12.6,19.9,35.1,0.0,2.5,312,0.0
2020-08-26,28.1,12.6,20.2,34.7,0.0,2.7,310,0.0
2020-08-27,29.6,14.1,21.9,28.0,0.0,2.4,274,0.0
2020-08-28,30.7,14.4,22.8,21.2,0.0,1.8,306,0.0
2020-08-29,32.6,14.8,23.6,17.8,0.0,2.1,271,0.0
2020-08-30,30.7,15.2,22.7,25.2,0.0,2.9,304,0.0
2020-08-31,29.6,15.9,22.7,23.6,0.0,2.2,289,0.0
2020-09-01,29.3,14.4,21.8,27.8,0.0,1.7,294,0.0
2020-09-02,29.3,14.1,21.8,27.2,0.5,1.5,257,0.0
2020-09-03,30.0,15.2,22.8,27.5,0.0,1.7,284,0.0
2020-09-04,29.3,16.3,22.6,20.4,0.0,2.4,265,0.0
2020-09-05,29.6,15.2,22.5,18.8,0.0,1.4,242,0.0
2020-09-06,30.7,15.6,23.3,19.5,0.0,1.3,289,0.0
2020-09-07,31.1,18.1,24.4,17.9,0.0,2.1,276,0.0
2020-09-08,31.9,16.7,24.2,16.1,0.0,2.9,263,0.0
2020-09-09,31.1,16.3,23.8,17.5,0.0,1.3,286,0.0
2020-09-10,30.0,13.0,21.5,23.7,0.0,1.7,281,0.0
2020-09-11,28.5,14.8,21.4,30.4,0.0,2.3,271,0.0
2020-09-12,29.3,15.9,22.4,26.3,0.0,1.9,265,0.0
2020-09-13,29.6,14.4,22.2,22.8,0.0,2.1,270,0.0
2020-09-14,27.8,13.7,21.0,28.3,0.0,2.2,277,0.0
2020-09-15,27.8,13.7,20.5,24.4,0.0,2.4,275,0.0
2020-09-16,28.1,13.7,20.6,21.3,0.0,1.9,273,0.0
2020-09-17,28.9,13.7,21.2,21.5,0.0,2.2,243,0.0
2020-09-18,29.3,13.0,21.3,21.0,0.0,1.8,268,0.0
2020-09-19,29.3,14.8,21.8,16.5,0.0,2.4,268,0.0
2020-09-20,28.9,12.2,20.8,16.7,0.0,1.5,255,0.0
2020-09-21,29.3,12.6,20.8,20.5,0.0,1.4,264,0.0
2020-09-22,28.9,13.7,21.1,24.0,0.0,1.8,262,0.0
2020-09-23,29.3,12.6,21.2,24.1,0.0,1.6,259,0.0
2020-09-24,29.6,12.2,21.0,20.5,0.0,2.1,258,0.0
2020-09-25,29.3,13.3,21.1,14.0,0.0,1.8,256,0.0
2020-09-26,27.4,12.6,20.0,16.0,0.0,2.0,253,0.0
2020-09-27,27.0,14.4,20.5,24.6,0.0,1.9,246,0.0
2020-09-28,25.2,12.2,17.9,36.8,0.0,2.5,249,0.0
2020-09-29,21.9,9.3,14.9,47.2,0.0,3.0,247,0.0
2020-09-30,22.6,8.5,15.9,41.8,0.0,2.0,221,0.0
2020-10-01,24.1,12.2,17.7,43.8,0.0,1.7,239,0.0
2020-10-02,24.1,12.6,18.6,32.1,0.0,1.5,232,0.0
2020-10-03,23.7,10.7,17.3,42.0,1.0,1.4,232,0.0
2020-10-04,24.1,12.2,17.7,37.7,1.0,1.7,217,0.0
2020-10-05,21.5,10.7,15.2,43.4,0.5,2.5,223,0.0
2020-10-06,21.9,9.3,14.8,45.1,1.0,1.8,220,0.0
2020-10-07,22.2,7.8,13.8,55.0,0.0,2.1,226,0.0
2020-10-08,20.0,5.9,12.2,58.6,0.0,1.7,224,0.0
2020-10-09,12.2,7.0,9.7,73.4,1.0,2.5,98,0.0
2020-10-10,17.0,4.4,10.5,63.3,0.0,2.7,224,0.0
2020-10-11,20.0,4.8,11.6,43.9,0.0,2.3,222,0.0
2020-10-12,20.4,4.8,11.5,30.7,0.0,2.3,220,0.0
2020-10-13,20.4,4.4,11.3,23.9,0.0,2.1,218,0.0
2020-10-14,21.5,3.0,11.9,18.9,0.0,1.3,216,0.0
2020-10-15,21.5,5.2,12.7,13.5,0.0,1.1,211,0.0
2020-10-16,21.5,4.8,12.5,12.4,0.0,1.5,212,0.0
2020-10-17,21.5,5.9,12.9,16.7,0.0,1.4,210,0.0
2020-10-18,21.9,5.6,13.1,18.4,0.0,1.6,207,0.0
2020-10-19,22.6,5.9,13.8,17.7,0.0,0.6,205,0.0
2020-10-20,23.3,6.7,14.3,13.7,0.0,1.0,203,0.0
2020-10-21,23.7,5.2,13.9,11.9,0.0,1.2,202,0.0
2020-10-22,20.7,4.1,12.1,17.8,0.0,1.3,200,0.0
2020-10-23,20.7,5.6,12.6,21.3,0.0,1.6,198,0.0
2020-10-24,21.5,6.3,13.2,24.9,0.0,1.8,111,0.0
2020-10-25,22.6,5.9,14.2,26.0,0.0,0.9,194,0.0
2020-10-26,21.5,8.1,13.9,20.0,0.0,1.6,192,0.0
2020-10-27,20.7,5.9,12.6,17.5,0.0,1.1,190,0.0
2020-10-28,21.1,4.8,12.2,22.9,0.0,2.0,188,0.0
2020-10-29,21.5,5.6,12.7,27.7,0.0,0.9,187,0.0
2020-10-30,21.5,7.8,14.0,21.2,0.0,0.4,159,0.0
2020-10-31,21.9,7.0,13.9,20.5,0.0,1.2,183,0.0
2020-11-01,19.3,5.9,12.2,20.6,0.0,1.4,132,0.0
2020-11-02,20.7,5.9,13.1,20.0,0.0,0.6,175,0.0
2020-11-03,20.4,9.6,14.5,26.2,0.0,1.1,178,0.0
2020-11-04,20.0,7.8,13.5,44.1,0.0,1.0,176,0.0
2020-11-05,20.0,7.4,13.7,26.8,0.0,1.4,148,0.0
2020-11-06,19.6,7.0,13.1,23.8,0.0,2.8,108,0.0
2020-11-07,14.8,7.8,10.8,45.4,3.0,2.9,77,0.0
2020-11-08,11.9,6.3,9.0,74.8,3.0,1.6,127,0.0
2020-11-09,14.1,4.1,9.5,69.8,0.5,0.8,163,0.0
2020-11-10,14.4,6.3,9.8,75.4,5.0,2.2,158,0.0
2020-11-11,11.1,5.6,7.7,79.5,2.5,1.5,142,0.0
2020-11-12,10.7,3.7,7.0,75.0,2.0,0.9,148,0.0
2020-11-13,7.8,0.7,5.0,83.3,4.0,1.6,127,0.0
2020-11-14,9.3,-1.5,3.5,68.6,0.0,1.7,160,0.0
2020-11-15,10.4,0.0,4.7,62.0,0.0,1.5,154,0.0
2020-11-16,10.4,0.7,5.1,62.1,0.0,1.5,136,0.0
2020-11-17,9.3,3.3,5.8,74.0,1.0,1.6,141,0.0
2020-11-18,9.6,1.5,5.1,64.7,0.0,1.1,144,0.0
2020-11-19,10.0,0.0,4.0,71.7,0.0,2.1,134,0.0
2020-11-20,6.7,1.1,4.0,82.6,8.0,2.0,40,0.0
2020-11-21,6.3,1.5,4.4,97.3,39.5,1.7,16,3.0
2020-11-22,6.3,1.5,3.7,86.0,1.5,1.1,93,1.0
2020-11-23,8.9,0.0,4.0,72.6,0.0,0.6,144,0.0
2020-11-24,8.5,-0.7,3.1,72.6,0.0,1.0,147,0.0
2020-11-25,8.1,-0.4,3.9,61.6,0.0,1.3,70,0.0
2020-11-26,7.0,2.2,4.7,66.8,6.0,2.6,70,0.0
2020-11-27,8.9,2.2,5.6,79.5,2.5,2.1,102,0.0
2020-11-28,4.1,1.1,2.5,93.2,6.5,2.3,27,2.0
2020-11-29,1.9,0.4,1.0,96.6,14.0,2.1,31,63.0
2020-11-30,7.0,-1.5,2.0,86.0,0.0,1.3,93,0.0
2020-12-01,7.0,-1.1,3.1,73.9,0.0,0.9,129,0.0
2020-12-02,5.6,0.7,3.3,83.1,2.5,0.8,125,0.0
2020-12-03,7.4,3.0,4.5,88.5,1.5,0.6,111,0.0
2020-12-04,7.8,1.5,4.1,80.6,0.0,1.3,113,0.0
2020-12-05,8.1,0.7,4.0,80.3,0.0,1.4,45,0.0
2020-12-06,3.7,-1.1,1.6,94.8,15.0,2.1,22,32.0
2020-12-07,3.3,-2.2,0.0,86.1,0.0,1.1,116,0.0
2020-12-08,3.7,-3.0,0.0,78.7,0.0,0.5,133,0.0
2020-12-09,5.6,-3.3,0.7,77.9,0.0,0.6,132,0.0
2020-12-10,4.4,-3.3,0.1,77.9,0.0,1.0,129,0.0
2020-12-11,3.7,-2.2,0.6,75.2,0.0,0.6,133,0.0
2020-12-12,5.6,-3.3,0.9,70.9,0.0,0.8,133,0.0
2020-12-13,5.6,-4.4,0.2,67.9,0.0,0.4,126,0.0
2020-12-14,8.1,-1.5,2.4,74.2,0.0,0.9,128,0.0
2020-12-15,10.7,-0.4,4.8,67.7,0.0,1.1,95,0.0
2020-12-16,4.8,0.7,2.0,90.0,15.0,1.3,67,18.5
2020-12-17,3.0,0.0,1.2,94.9,0.5,0.9,99,0.0
2020-12-18,3.7,-1.5,1.2,89.0,0.0,0.9,103,0.0
2020-12-19,1.1,-3.7,-1.0,86.6,0.5,1.5,99,6.0
2020-12-20,4.4,-5.9,-1.5,79.5,0.0,0.7,67,0.0
2020-12-21,4.1,-4.8,-1.4,66.2,0.0,0.8,131,0.0
2020-12-22,5.9,-5.2,-0.3,58.8,0.0,0.7,122,0.0
2020-12-23,5.6,-1.1,1.7,69.4,2.0,1.9,84,0.0
2020-12-24,3.7,-1.9,1.2,76.7,1.0,3.0,125,1.0
2020-12-25,-0.7,-7.4,-4.4,55.9,0.0,3.0,128,0.0
2020-12-26,1.5,-9.3,-4.5,48.1,0.0,1.1,131,0.0
2020-12-27,5.6,-6.3,-0.9,38.3,0.0,1.1,132,0.0
2020-12-28,7.4,-4.1,0.7,44.1,0.0,0.6,132,0.0
2020-12-29,7.8,-4.1,0.6,52.9,0.0,0.7,87,0.0
2020-12-30,7.8,-4.1,0.8,60.6,0.0,1.4,133,0.0
2020-12-31,7.8,-3.3,1.2,59.5,0.0,1.3,139,0.0
2021-01-01,7.8,-3.3,1.1,62.9,0.0,1.0,133,0.0
2021-01-02,8.1,-3.7,0.8,62.5,0.0,0.9,134,0.0
2021-01-03,7.4,-4.4,0.8,57.6,0.0,1.4,128,0.0
2021-01-04,5.2,-5.6,-0.8,57.5,0.0,2.0,135,0.0
2021-01-05,4.4,-6.7,-2.0,61.0,0.0,1.3,136,0.0
2021-01-06,5.6,-8.5,-2.2,46.4,0.0,1.2,112,0.0
2021-01-07,6.7,-5.9,-0.7,47.8,0.0,1.8,87,0.0
2021-01-08,7.4,-6.7,-0.8,46.8,0.0,1.0,138,0.0
2021-01-09,7.8,-6.3,-0.1,35.5,0.0,0.9,138,0.0
2021-01-10,8.1,-5.6,0.2,34.6,0.0,0.5,139,0.0
2021-01-11,9.3,-5.6,0.8,31.1,0.0,0.9,140,0.0
2021-01-12,13.0,-2.6,3.9,33.5,0.0,0.6,141,0.0
2021-01-13,13.3,-0.4,5.1,40.2,0.0,0.9,142,0.0
2021-01-14,11.5,0.4,4.4,30.3,0.0,2.9,42,0.0
2021-01-15,6.3,0.0,3.1,45.2,0.0,3.6,131,0.0
2021-01-16,10.7,-3.3,3.1,59.1,0.0,1.3,145,0.0
2021-01-17,6.3,-0.4,3.1,65.4,0.5,2.9,136,0.0
2021-01-18,6.3,0.7,3.4,69.1,0.5,3.4,136,0.0
2021-01-19,7.4,-1.9,2.6,63.3,0.0,3.1,142,0.0
2021-01-20,6.3,-3.3,1.0,61.7,3.5,2.9,144,39.5
2021-01-21,-1.9,-7.8,-4.7,75.6,2.5,2.6,101,56.0
2021-01-22,-1.5,-11.1,-6.7,65.7,0.0,2.2,152,0.0
2021-01-23,2.6,-11.9,-5.5,57.7,0.0,1.8,153,0.0
2021-01-24,4.8,-8.5,-2.6,43.5,0.0,0.8,155,0.0
2021-01-25,6.3,-6.7,-0.8,40.9,0.0,0.9,156,0.0
2021-01-26,7.4,-5.2,0.1,48.0,0.0,1.4,130,0.0
2021-01-27,10.4,-5.2,1.9,47.1,0.0,0.9,141,0.0
2021-01-28,11.1,-0.7,4.6,42.1,0.0,2.5,136,0.0
2021-01-29,8.1,1.1,4.6,66.1,2.5,3.2,156,2.0
2021-01-30,5.2,-4.1,1.0,70.5,2.0,3.6,68,14.0
2021-01-31,4.8,-4.4,0.4,63.5,0.0,2.5,137,0.0
2021-02-01,7.8,-3.0,2.1,64.2,0.0,1.1,167,0.0
2021-02-02,11.5,-1.9,4.1,51.2,0.0,0.6,169,0.0
2021-02-03,13.3,-0.4,5.5,39.8,0.0,0.6,171,0.0
2021-02-04,12.6,-0.7,6.2,43.5,0.0,1.1,131,0.0
2021-02-05,8.5,3.3,5.6,73.8,10.0,2.2,47,0.0
2021-02-06,3.7,2.2,2.9,89.6,15.5,1.3,29,0.0
2021-02-07,4.4,0.4,2.5,94.2,3.5,1.4,82,1.0
2021-02-08,11.1,-2.2,3.7,75.6,0.0,1.4,172,0.0
2021-02-09,12.6,1.5,6.4,54.2,0.0,1.6,172,0.0
2021-02-10,13.3,1.5,7.0,39.1,0.0,1.3,58,0.0
2021-02-11,11.9,1.1,6.2,36.2,0.0,2.0,186,0.0
2021-02-12,13.3,-1.1,5.6,38.6,0.0,0.8,188,0.0
2021-02-13,13.7,0.4,6.1,35.4,0.0,1.9,186,0.0
2021-02-14,13.7,-0.7,6.1,35.6,0.0,0.9,192,0.0
2021-02-15,14.8,-0.4,7.3,33.1,0.0,1.4,194,0.0
2021-02-16,14.8,5.2,9.9,42.8,1.5,4.0,193,0.0
2021-02-17,11.1,2.2,7.3,57.0,14.0,4.5,49,0.0
2021-02-18,3.7,-5.9,-0.5,92.1,17.0,2.6,50,115.0
2021-02-19,0.4,-10.0,-4.6,75.3,0.0,2.3,195,0.0
2021-02-20,1.9,-8.9,-3.5,73.0,0.0,1.9,197,0.0
2021-02-21,3.0,-7.4,-1.2,76.8,0.0,2.2,151,0.0
2021-02-22,5.2,-6.7,-1.0,65.5,0.0,2.6,207,0.0
2021-02-23,6.3,-6.3,-0.3,52.1,0.0,2.2,210,0.0
2021-02-24,6.7,-4.1,0.8,45.8,0.0,1.3,208,0.0
2021-02-25,-0.4,-4.4,-2.6,77.6,2.0,2.9,62,38.5
2021-02-26,3.7,-8.9,-2.5,71.4,0.0,1.8,204,0.0
2021-02-27,6.3,-4.4,0.7,60.8,0.0,1.4,219,0.0
2021-02-28,9.6,-4.1,2.6,58.9,0.0,1.8,214,0.0
2021-03-01,7.4,1.1,3.5,70.8,1.5,1.9,164,0.0
2021-03-02,9.3,-0.7,4.2,61.1,0.0,2.1,219,0.0
2021-03-03,9.3,-0.7,4.5,55.0,0.0,2.8,196,0.0
2021-03-04,12.2,-0.4,6.3,53.6,2.0,1.9,202,0.0
2021-03-05,8.5,0.0,5.5,69.7,3.5,4.3,223,0.0
2021-03-06,10.7,-1.9,4.3,55.5,0.0,2.0,235,0.0
2021-03-07,13.3,-0.4,5.8,38.3,0.0,2.3,237,0.0
2021-03-08,12.6,2.2,7.4,36.2,0.0,2.9,217,0.0
2021-03-09,11.9,2.2,6.9,44.8,0.0,4.2,204,0.0
2021-03-10,10.7,1.1,5.8,52.8,0.5,3.2,216,0.0
2021-03-11,13.0,3.3,8.6,56.3,3.0,4.7,239,0.0
2021-03-12,11.1,-0.4,4.9,82.4,28.0,3.0,43,29.0
2021-03-13,4.4,-4.8,-0.1,78.0,2.0,1.7,248,24.5
2021-03-14,8.9,-3.0,2.9,68.2,0.0,1.2,203,0.0
2021-03-15,13.0,2.6,7.6,52.7,0.0,1.9,180,0.0
2021-03-16,14.8,3.3,9.5,50.3,0.0,2.8,192,0.0
2021-03-17,17.0,7.8,11.7,54.2,1.0,3.2,181,0.0
2021-03-18,15.9,8.1,11.8,53.2,0.5,5.1,253,0.0
2021-03-19,12.2,1.9,7.3,45.9,0.0,3.5,196,0.0
2021-03-20,12.2,-1.9,5.4,42.6,0.0,2.5,265,0.0
2021-03-21,13.7,2.2,7.8,40.0,0.0,3.0,261,0.0
2021-03-22,14.8,3.3,9.4,43.9,0.0,3.5,254,0.0
2021-03-23,12.2,7.0,10.0,55.9,0.5,3.1,83,0.0
2021-03-24,19.3,8.1,14.3,47.3,1.0,4.9,210,0.0
2021-03-25,14.8,7.0,11.2,54.6,10.0,3.7,203,0.0
2021-03-26,15.2,1.1,8.1,41.5,0.0,3.5,277,0.0
2021-03-27,14.1,3.3,8.5,38.8,0.0,5.4,273,0.0
2021-03-28,10.0,-4.1,3.0,40.7,0.0,1.9,281,0.0
2021-03-29,13.7,-3.7,5.5,30.7,0.0,1.6,283,0.0
2021-03-30,17.4,-2.6,8.3,28.4,0.0,1.9,285,0.0
2021-03-31,16.3,4.8,10.5,38.0,1.5,1.8,95,0.0
2021-04-01,18.1,8.1,12.7,52.8,1.0,3.2,213,0.0
2021-04-02,16.7,8.5,12.5,47.9,0.5,4.4,194,0.0
2021-04-03,11.5,2.2,7.4,43.2,0.0,4.8,267,0.0
2021-04-04,13.3,-2.6,5.4,50.0,0.0,1.8,294,0.0
2021-04-05,14.8,0.7,7.9,41.7,0.0,2.4,296,0.0
2021-04-06,18.1,4.4,11.0,39.1,0.0,2.9,298,0.0
2021-04-07,20.4,4.1,12.8,30.3,0.0,1.5,225,0.0
2021-04-08,20.4,6.7,14.1,33.2,0.5,1.5,246,0.0
2021-04-09,19.6,10.4,15.1,41.3,0.0,2.5,286,0.0
2021-04-10,20.0,9.6,14.6,38.7,0.5,3.3,268,0.0
2021-04-11,17.8,8.1,12.7,54.4,3.5,3.9,255,0.0
2021-04-12,19.3,4.1,11.9,46.3,0.0,3.2,303,0.0
2021-04-13,19.6,5.9,12.6,36.6,0.0,3.2,299,0.0
2021-04-14,18.5,6.3,12.5,36.8,0.0,3.9,242,0.0
2021-04-15,19.3,3.7,11.9,24.3,0.0,2.5,305,0.0
2021-04-16,20.0,4.1,12.2,25.7,0.0,2.0,315,0.0
2021-04-17,21.5,4.8,13.6,26.3,0.0,1.6,170,0.0
2021-04-18,22.6,7.0,14.9,29.3,0.0,1.8,255,0.0
2021-04-19,23.7,9.3,16.5,33.0,0.0,2.4,300,0.0
2021-04-20,25.9,9.6,17.8,28.1,0.0,2.1,213,0.0
2021-04-21,25.9,11.5,19.0,29.5,0.0,1.6,210,0.0
2021-04-22,25.9,11.9,19.2,28.6,0.0,2.0,269,0.0
2021-04-23,24.8,12.6,18.6,31.6,0.0,1.8,210,0.0
2021-04-24,23.7,10.0,17.0,32.3,2.5,1.2,159,0.0
2021-04-25,25.2,10.4,17.9,21.4,0.0,1.8,307,0.0
2021-04-26,24.8,11.9,17.8,31.4,0.5,2.3,262,0.0
2021-04-27,23.3,13.0,17.0,39.0,2.5,2.4,273,0.0
2021-04-28,23.0,10.0,15.9,43.8,1.5,3.7,311,0.0
2021-04-29,23.0,5.6,14.7,33.1,0.0,2.2,333,0.0
2021-04-30,24.8,8.5,17.4,29.3,0.0,1.2,315,0.0
2021-05-01,23.7,12.2,17.0,31.8,2.0,2.6,260,0.0
2021-05-02,21.9,10.0,15.4,34.2,1.0,2.3,303,0.0
2021-05-03,19.6,5.6,12.7,51.9,2.5,1.5,268,0.0
2021-05-04,21.5,5.6,13.6,55.4,0.0,1.9,324,0.0
2021-05-05,22.6,11.9,17.0,33.6,0.5,3.1,300,0.0
2021-05-06,24.1,12.6,18.1,32.2,0.5,4.0,308,0.0
2021-05-07,22.6,11.1,16.7,37.2,1.0,3.8,203,0.0
2021-05-08,23.0,9.6,15.8,45.0,2.0,1.5,252,0.0
2021-05-09,25.2,7.8,16.5,46.8,0.0,2.1,335,0.0
2021-05-10,24.1,13.0,18.6,31.4,1.0,2.4,308,0.0
2021-05-11,24.1,11.9,17.3,34.5,2.0,2.7,133,0.0
2021-05-12,24.1,13.0,17.6,39.2,1.0,1.7,243,0.0
2021-05-13,23.7,11.1,16.6,50.2,4.0,1.3,271,0.0
2021-05-14,22.6,8.5,15.4,62.5,4.5,1.6,274,0.0
2021-05-15,21.9,10.4,15.7,62.9,5.0,2.5,296,0.0
2021-05-16,23.7,10.4,16.8,57.4,2.0,1.8,308,0.0
2021-05-17,27.0,12.6,19.5,33.5,0.5,2.4,324,0.0
2021-05-18,27.4,14.4,20.7,23.1,0.0,3.8,332,0.0
2021-05-19,28.5,13.3,21.0,19.8,0.0,3.1,354,0.0
2021-05-20,29.6,14.1,22.3,15.1,0.0,0.9,354,0.0
2021-05-21,29.6,15.2,23.0,14.8,0.0,1.9,162,0.0
2021-05-22,29.3,16.7,22.4,22.4,1.0,2.8,286,0.0
2021-05-23,25.2,16.7,20.0,32.0,2.0,2.4,245,0.0
2021-05-24,25.9,12.2,19.6,30.3,0.5,2.6,257,0.0
2021-05-25,22.6,13.7,17.6,37.9,5.5,3.5,303,0.0
2021-05-26,23.0,10.4,17.0,41.3,0.0,2.7,275,0.0
2021-05-27,26.7,11.5,19.5,31.1,0.0,1.6,357,0.0
2021-05-28,28.5,14.4,21.6,22.1,0.0,1.7,357,0.0
2021-05-29,29.3,14.4,22.0,21.0,0.0,3.0,358,0.0
2021-05-30,29.6,15.2,22.3,17.5,0.0,3.2,360,0.0
2021-05-31,30.7,14.1,22.9,16.7,0.0,2.4,361,0.0
2021-06-01,30.0,15.2,22.8,15.7,0.0,2.2,361,0.0
2021-06-02,31.1,16.3,23.6,18.3,0.0,2.3,362,0.0
2021-06-03,32.6,16.7,24.6,17.5,0.0,2.8,362,0.0
2021-06-04,31.9,15.6,24.0,14.3,0.0,2.7,362,0.0
2021-06-05,31.5,16.3,24.4,17.2,0.0,3.4,363,0.0
2021-06-06,31.1,17.0,24.2,16.5,0.0,3.5,363,0.0
2021-06-07,28.9,13.3,21.5,15.7,0.0,3.4,363,0.0
2021-06-08,30.4,12.2,21.6,11.6,0.0,1.6,364,0.0
2021-06-09,31.5,14.4,22.9,10.0,0.0,2.1,364,0.0
2021-06-10,30.0,14.8,22.5,13.4,0.0,2.8,364,0.0
2021-06-11,31.1,14.1,23.0,14.3,0.0,2.1,364,0.0
2021-06-12,33.3,15.6,24.6,12.9,0.0,2.0,364,0.0
2021-06-13,31.5,15.9,23.6,12.4,0.0,2.7,365,0.0
2021-06-14,32.2,13.3,23.1,10.9,0.0,2.0,365,0.0
2021-06-15,34.4,17.0,26.0,9.3,0.0,1.5,365,0.0
2021-06-16,36.3,16.7,27.5,12.4,0.0,2.1,364,0.0
2021-06-17,35.9,18.9,27.5,16.1,0.0,2.0,365,0.0
2021-06-18,37.0,18.5,28.2,11.8,0.0,2.1,364,0.0
2021-06-19,35.2,18.9,27.5,13.9,0.0,4.1,343,0.0
2021-06-20,36.7,18.1,27.6,12.4,0.0,3.5,347,0.0
2021-06-21,36.3,18.1,27.6,12.7,0.0,2.3,360,0.0
2021-06-22,35.6,18.5,27.4,13.9,0.0,3.0,363,0.0
2021-06-23,35.2,18.5,27.3,9.8,0.0,3.1,365,0.0
2021-06-24,34.1,18.5,26.8,9.4,0.0,2.8,365,0.0
2021-06-25,34.1,18.5,27.1,10.0,0.0,3.3,363,0.0
2021-06-26,34.1,19.3,27.0,11.8,0.0,3.1,320,0.0
2021-06-27,32.6,19.6,26.6,13.6,0.0,2.8,315,0.0
2021-06-28,32.6,22.2,27.3,13.7,0.0,2.3,263,0.0
2021-06-29,32.6,21.5,27.0,13.7,0.0,1.9,354,0.0
2021-06-30,33.3,20.4,27.0,14.5,0.0,1.9,246,0.0
2021-07-01,33.7,21.1,27.6,14.6,0.0,3.6,359,0.0
2021-07-02,33.3,18.5,26.7,14.0,0.0,2.1,351,0.0
2021-07-03,34.1,17.4,26.6,19.5,0.0,1.5,337,0.0
2021-07-04,35.6,19.6,27.7,17.1,0.0,2.3,319,0.0
2021-07-05,34.8,20.4,27.7,14.0,0.0,2.8,362,0.0
2021-07-06,33.3,19.3,26.3,12.9,0.0,2.5,361,0.0
2021-07-07,34.1,18.5,26.4,10.8,0.0,2.1,361,0.0
2021-07-08,35.2,19.3,27.2,13.5,0.0,1.9,360,0.0
2021-07-09,35.6,17.4,27.0,20.4,0.0,2.0,359,0.0
2021-07-10,36.3,19.3,27.2,29.0,0.0,2.7,352,0.0
2021-07-11,34.4,15.6,26.6,18.2,0.0,1.9,359,0.0
2021-07-12,35.6,18.9,27.2,15.4,0.0,2.1,358,0.0
2021-07-13,35.6,17.8,27.4,23.5,0.0,2.8,356,0.0
2021-07-14,35.2,19.6,27.7,22.8,0.0,2.6,357,0.0
2021-07-15,33.7,17.8,26.3,21.3,0.0,2.0,355,0.0
2021-07-16,31.5,15.9,24.1,31.1,0.0,1.9,342,0.0
2021-07-17,32.6,16.3,24.6,30.4,0.0,1.6,354,0.0
2021-07-18,33.7,18.9,26.6,21.2,0.0,1.8,354,0.0
2021-07-19,33.0,18.9,27.0,20.3,0.0,2.2,288,0.0
2021-07-20,34.4,20.0,27.7,23.8,0.0,2.3,344,0.0
2021-07-21,35.2,20.4,28.5,17.8,0.0,1.7,278,0.0
2021-07-22,35.2,23.0,29.4,17.8,0.0,3.3,347,0.0
2021-07-23,36.3,19.6,28.0,17.1,0.0,2.4,351,0.0
2021-07-24,37.4,20.0,28.8,14.6,0.0,1.7,350,0.0
2021-07-25,37.4,20.4,29.8,16.5,0.0,2.0,325,0.0
2021-07-26,35.9,21.5,29.1,16.7,0.0,3.7,317,0.0
2021-07-27,35.2,20.7,28.2,17.9,0.0,3.4,334,0.0
2021-07-28,35.9,20.7,28.9,17.0,0.0,3.0,246,0.0
2021-07-29,34.1,20.7,27.2,23.7,0.0,4.1,316,0.0
2021-07-30,34.1,20.4,26.8,24.5,0.0,3.2,287,0.0
2021-07-31,33.0,18.1,25.8,27.1,0.0,2.6,319,0.0
2021-08-01,32.2,18.1,25.7,19.3,0.0,1.6,281,0.0
2021-08-02,29.3,17.8,23.7,30.8,0.0,2.5,280,0.0
2021-08-03,28.5,18.5,23.8,27.5,0.0,2.3,267,0.0
2021-08-04,29.3,17.8,24.0,26.6,0.0,2.4,286,0.0
2021-08-05,30.7,18.9,24.9,25.1,0.0,3.0,278,0.0
2021-08-06,29.6,20.4,25.2,23.2,0.0,3.0,310,0.0
2021-08-07,30.4,18.9,24.6,27.3,0.5,2.6,274,0.0
2021-08-08,31.1,17.0,24.9,31.8,0.0,1.6,294,0.0
2021-08-09,33.3,18.5,26.7,22.6,0.0,1.9,273,0.0
2021-08-10,33.7,19.6,27.7,18.0,0.0,2.1,317,0.0
2021-08-11,33.7,21.5,27.6,14.8,0.0,2.7,328,0.0
2021-08-12,33.0,18.5,26.4,15.6,0.0,2.0,293,0.0
2021-08-13,34.1,20.0,27.3,13.5,0.0,2.8,329,0.0
2021-08-14,33.3,15.6,25.4,17.0,0.0,1.6,328,0.0
2021-08-15,33.3,16.7,25.8,20.1,0.0,3.3,316,0.0
2021-08-16,33.3,16.7,25.6,19.0,0.0,3.5,322,0.0
2021-08-17,33.3,17.0,25.7,18.1,0.0,2.3,311,0.0
2021-08-18,33.0,17.4,25.0,17.2,0.0,3.1,317,0.0
2021-08-19,33.7,16.7,25.4,16.9,0.0,2.0,318,0.0
2021-08-20,32.6,18.9,25.8,20.5,0.0,2.7,320,0.0
2021-08-21,31.9,17.8,25.3,19.7,0.0,2.1,317,0.0
2021-08-22,31.1,16.3,24.6,18.1,0.0,1.4,261,0.0
2021-08-23,32.2,17.0,25.2,20.5,0.0,1.9,257,0.0
2021-08-24,33.3,17.4,26.0,19.0,0.0,1.9,310,0.0
2021-08-25,33.3,16.7,26.0,17.0,0.0,1.6,312,0.0
2021-08-26,33.7,17.8,26.0,14.4,0.0,2.2,310,0.0
2021-08-27,33.3,16.3,25.3,15.9,0.0,1.8,309,0.0
2021-08-28,31.9,18.1,25.2,19.8,0.0,3.0,307,0.0
2021-08-29,31.5,18.5,24.6,21.9,0.0,2.8,290,0.0
2021-08-30,32.2,17.8,24.8,21.0,0.0,2.4,300,0.0
2021-08-31,32.2,16.3,24.8,15.4,0.0,2.0,300,0.0
2021-09-01,33.3,17.4,26.1,13.5,0.0,1.3,251,0.0
2021-09-02,31.5,17.4,25.0,18.8,0.0,2.9,220,0.0
2021-09-03,31.5,18.1,24.9,18.4,0.0,3.4,262,0.0
2021-09-04,32.6,15.6,24.1,13.0,0.0,2.5,295,0.0
2021-09-05,32.2,11.1,22.9,10.9,0.0,1.4,294,0.0
2021-09-06,32.2,14.8,23.7,9.4,0.0,1.9,292,0.0
2021-09-07,31.5,14.8,23.4,11.9,0.0,1.4,290,0.0
2021-09-08,32.2,14.4,23.2,24.5,0.0,3.4,288,0.0
2021-09-09,32.2,14.8,23.4,24.5,0.0,2.8,286,0.0
2021-09-10,31.5,15.6,23.0,25.6,0.0,2.4,285,0.0
2021-09-11,32.2,14.4,23.1,23.0,0.0,2.1,283,0.0
2021-09-12,32.2,15.6,24.2,14.4,0.0,2.3,281,0.0
2021-09-13,31.9,15.6,23.7,14.3,0.0,2.4,279,0.0
2021-09-14,31.9,15.6,23.6,15.0,0.0,1.7,277,0.0
2021-09-15,32.6,15.2,24.5,15.3,0.0,1.4,275,0.0
2021-09-16,31.5,16.7,24.1,15.2,0.0,2.2,273,0.0
2021-09-17,29.3,14.4,21.8,17.3,0.0,2.1,272,0.0
2021-09-18,27.4,10.7,20.1,20.8,0.0,1.8,270,0.0
2021-09-19,28.5,11.5,20.6,24.3,0.0,1.6,268,0.0
2021-09-20,28.9,14.1,21.3,16.8,0.0,1.5,266,0.0
2021-09-21,28.9,11.9,20.8,14.7,0.0,1.2,253,0.0
2021-09-22,29.6,13.0,21.1,13.0,0.0,2.3,262,0.0
2021-09-23,27.8,12.6,20.0,18.8,0.0,2.2,260,0.0
2021-09-24,27.4,14.4,20.7,23.9,0.0,3.4,258,0.0
2021-09-25,25.6,13.7,19.4,27.3,0.0,3.7,256,0.0
2021-09-26,25.9,8.1,16.9,28.9,0.0,1.8,254,0.0
2021-09-27,28.5,9.3,18.9,24.7,0.0,1.8,251,0.0
2021-09-28,28.1,13.0,20.4,15.6,0.0,2.8,249,0.0
2021-09-29,27.8,11.9,19.8,19.7,0.0,2.1,247,0.0
2021-09-30,27.0,13.7,19.8,24.5,0.0,3.4,244,0.0
2021-10-01,26.7,12.6,19.0,20.3,0.0,2.5,243,0.0
2021-10-02,26.3,9.6,18.1,19.1,0.0,1.5,241,0.0
2021-10-03,27.0,10.7,18.4,31.2,0.0,2.3,239,0.0
2021-10-04,27.0,10.7,19.1,28.4,0.0,3.6,237,0.0
2021-10-05,24.8,10.4,17.0,18.8,0.0,2.7,235,0.0
2021-10-06,22.6,8.5,16.0,21.5,0.0,2.4,225,0.0
2021-10-07,24.8,10.4,17.4,29.0,0.0,2.8,230,0.0
2021-10-08,23.0,4.4,13.5,35.3,0.0,1.5,228,0.0
2021-10-09,20.7,4.4,12.6,42.3,0.0,2.0,226,0.0
2021-10-10,22.2,6.7,13.5,39.1,0.0,2.3,224,0.0
2021-10-11,21.9,6.3,13.2,33.4,0.0,2.2,222,0.0
2021-10-12,23.0,6.3,14.3,26.8,0.0,1.7,220,0.0
2021-10-13,23.7,8.1,15.9,26.3,0.0,1.7,218,0.0
2021-10-14,24.4,10.7,17.6,33.3,0.0,2.0,215,0.0
2021-10-15,25.6,10.7,17.7,26.8,0.0,1.2,211,0.0
2021-10-16,24.8,11.1,17.7,31.3,0.0,1.9,208,0.0
2021-10-17,24.8,11.5,18.0,26.8,0.0,2.7,206,0.0
2021-10-18,20.4,6.7,13.6,23.3,0.0,2.8,207,0.0
2021-10-19,21.1,6.7,13.3,25.3,0.0,2.5,205,0.0
2021-10-20,18.5,6.3,12.5,32.9,0.0,2.4,200,0.0
2021-10-21,17.0,4.4,10.7,42.7,0.0,2.0,198,0.0
2021-10-22,17.4,3.7,9.9,48.3,0.0,2.9,200,0.0
2021-10-23,18.9,4.4,10.9,33.2,0.0,2.1,198,0.0
2021-10-24,15.9,5.6,10.5,25.6,0.0,2.2,196,0.0
2021-10-25,18.5,3.7,10.5,18.8,0.0,1.4,194,0.0
2021-10-26,18.1,3.3,10.8,16.8,0.0,1.5,192,0.0
2021-10-27,15.2,2.2,8.6,49.3,0.5,1.4,148,0.0
2021-10-28,17.4,3.0,10.0,34.0,0.0,1.2,188,0.0
2021-10-29,15.2,6.7,10.2,52.0,3.0,1.4,67,0.0
2021-10-30,16.3,7.8,12.0,63.4,0.5,2.2,124,0.0
2021-10-31,19.3,9.3,13.7,58.0,0.0,2.5,103,0.0
2021-11-01,20.0,8.9,13.8,46.2,0.0,1.1,66,0.0
2021-11-02,20.4,8.5,13.8,41.3,0.0,1.8,176,0.0
2021-11-03,17.4,7.0,11.3,63.0,1.0,1.6,84,0.0
2021-11-04,14.8,5.9,9.9,75.8,6.5,0.9,84,0.0
2021-11-05,8.1,5.9,7.3,91.5,4.5,2.2,41,0.0
2021-11-06,7.0,3.7,5.6,85.0,0.0,2.1,40,0.0
2021-11-07,7.8,2.2,4.9,78.7,1.0,1.9,108,0.0
2021-11-08,10.7,0.4,4.9,70.8,0.0,1.8,169,0.0
2021-11-09,12.6,-0.4,5.5,59.2,0.0,1.0,167,0.0
2021-11-10,14.1,0.7,7.0,49.7,0.0,1.3,166,0.0
2021-11-11,10.7,3.3,6.2,62.4,9.0,2.6,57,0.0
2021-11-12,6.7,2.2,3.9,83.1,10.0,2.5,130,0.0
2021-11-13,7.8,1.1,3.8,78.7,0.0,1.0,148,0.0
2021-11-14,10.4,-0.4,4.1,63.8,0.0,1.3,159,0.0
2021-11-15,9.6,0.7,5.1,65.2,0.0,1.1,44,0.0
2021-11-16,8.1,0.7,5.1,75.6,2.0,1.2,45,0.0
2021-11-17,7.8,-4.4,1.6,67.8,0.0,1.9,156,0.0
2021-11-18,9.3,-3.0,2.3,66.8,0.0,1.3,154,0.0
2021-11-19,10.0,-1.1,4.0,56.4,0.0,1.2,106,0.0
2021-11-20,11.1,0.4,5.7,56.8,0.0,1.7,146,0.0
2021-11-21,7.4,4.1,5.4,85.3,3.0,1.5,88,0.0
2021-11-22,8.9,3.3,6.0,82.8,2.0,1.8,141,0.0
2021-11-23,10.4,1.5,5.5,72.2,0.0,1.5,146,0.0
2021-11-24,11.5,0.0,5.1,57.3,0.0,1.6,147,0.0
2021-11-25,10.7,0.0,5.8,43.0,0.0,0.8,60,0.0
2021-11-26,11.1,1.1,6.2,65.1,1.0,1.5,138,0.0
2021-11-27,12.2,3.0,7.1,57.7,0.0,1.7,144,0.0
2021-11-28,13.7,2.6,7.8,50.4,0.0,1.5,134,0.0
2021-11-29,13.7,3.7,8.1,59.4,0.0,2.1,140,0.0
2021-11-30,15.2,2.2,8.0,50.1,0.0,0.8,66,0.0
2021-12-01,14.4,4.1,8.9,46.5,0.0,3.4,75,0.0
2021-12-02,11.5,-0.7,5.8,72.6,7.5,3.4,105,3.5
2021-12-03,6.7,-2.2,2.0,67.4,0.0,1.7,138,0.0
2021-12-04,8.5,-3.3,2.0,54.8,0.0,0.8,133,0.0
2021-12-05,8.9,-0.7,3.7,42.4,0.0,1.2,39,0.0
2021-12-06,7.4,1.1,3.9,71.0,3.0,1.2,121,3.0
2021-12-07,8.1,-0.7,3.0,73.0,0.0,1.0,125,0.0
2021-12-08,9.3,0.7,5.0,54.9,0.0,1.5,51,0.0
2021-12-09,11.9,1.5,6.6,51.7,0.0,3.5,129,0.0
2021-12-10,11.5,2.2,5.9,69.2,0.0,1.7,130,0.0
2021-12-11,10.7,-1.9,3.8,52.1,0.0,0.5,133,0.0
2021-12-12,11.5,-1.9,3.7,41.3,0.0,0.7,133,0.0
2021-12-13,11.1,-2.2,3.2,36.0,0.0,0.8,118,0.0
2021-12-14,9.6,-1.5,3.8,35.1,0.0,0.9,72,0.0
2021-12-15,10.7,0.4,4.8,40.5,0.0,1.2,88,0.0
2021-12-16,9.6,-2.2,3.5,46.4,0.0,1.1,131,0.0
2021-12-17,8.5,-1.5,3.9,73.7,3.5,2.5,120,0.0
2021-12-18,4.8,2.6,3.9,90.0,13.5,1.9,19,0.0
2021-12-19,6.3,-1.1,2.6,80.5,4.0,2.2,114,0.0
2021-12-20,7.0,-3.3,2.8,84.2,16.0,2.1,37,0.0
2021-12-21,5.2,-2.2,2.9,67.2,3.5,4.1,128,0.0
2021-12-22,4.1,-3.3,-0.2,68.0,0.0,3.3,89,0.0
2021-12-23,4.8,-4.1,0.3,70.9,0.0,2.5,121,0.0
2021-12-24,3.0,-1.1,1.0,75.1,0.0,2.8,50,0.0
2021-12-25,3.3,-4.1,0.0,72.0,0.0,2.1,125,0.0
2021-12-26,5.2,-5.9,-1.3,56.0,0.0,0.5,131,0.0
2021-12-27,7.0,-4.8,0.3,50.7,0.0,0.4,132,0.0
2021-12-28,5.9,-4.8,0.5,50.2,0.0,0.9,132,0.0
2021-12-29,4.1,-2.2,0.6,60.7,0.0,1.5,81,0.0
2021-12-30,5.2,-1.1,1.4,73.0,0.0,1.1,92,0.0
2021-12-31,6.3,-2.6,1.4,72.6,0.0,1.3,139,0.0
2022-01-01,5.6,-2.2,1.7,77.7,1.0,1.9,51,0.0
2022-01-02,3.0,-0.7,1.7,92.0,3.0,1.5,29,1.0
2022-01-03,1.9,-2.6,-0.2,88.1,0.0,1.7,34,0.0
2022-01-04,4.8,-4.4,-0.1,79.3,0.0,2.2,126,0.0
2022-01-05,3.0,-4.1,0.3,66.3,0.0,2.7,116,0.0
2022-01-06,8.0,-5.6,-0.1,54.4,0.0,1.1,136,0.0
2022-01-07,10.0,-7.0,2.4,46.5,0.0,1.5,137,0.0
2022-01-08,10.0,-6.0,2.2,49.3,0.0,1.9,138,0.0
2022-01-09,12.0,-7.0,2.8,46.7,0.0,1.4,138,0.0
2022-01-10,10.0,-7.0,2.1,53.6,0.0,1.5,53,0.0
2022-01-11,11.0,1.0,6.5,61.6,0.5,3.2,68,0.0
2022-01-12,14.0,1.0,6.8,61.2,0.0,2.6,119,0.0
2022-01-13,13.0,-3.0,5.0,65.3,1.0,2.9,135,0.0
2022-01-14,12.0,3.0,7.4,66.4,7.5,5.5,77,0.0
2022-01-15,4.0,1.0,2.9,64.7,2.0,5.2,132,0.0
2022-01-16,4.0,-1.0,1.1,63.8,0.0,3.5,130,0.0
2022-01-17,3.0,-4.0,0.8,74.5,8.0,3.7,130,64.0
2022-01-18,-3.0,-14.0,-7.6,68.5,1.5,2.9,147,37.5
2022-01-19,3.0,-18.0,-8.3,60.8,0.0,2.4,149,0.0
2022-01-20,1.0,-11.1,-2.3,67.4,3.0,4.7,81,46.0
2022-01-21,-3.0,-13.0,-8.1,55.8,0.0,3.7,151,0.0
2022-01-22,1.0,-16.0,-8.3,62.2,0.0,1.4,152,0.0
2022-01-23,4.0,-13.0,-5.3,60.4,0.0,1.9,154,0.0
2022-01-24,7.0,-11.0,-1.3,54.2,0.0,2.3,155,0.0
2022-01-25,7.0,-7.0,-0.3,65.6,0.0,1.7,156,0.0
2022-01-26,7.0,-7.0,0.3,71.0,0.0,2.2,129,0.0
2022-01-27,7.0,-2.0,3.6,57.8,2.5,4.2,123,1.0
2022-01-28,4.0,-5.8,-1.0,50.4,0.0,3.1,142,0.0
2022-01-29,4.0,-8.0,-2.8,67.7,0.0,1.9,159,0.0
2022-01-30,4.0,-9.0,-2.6,59.1,0.0,2.3,164,0.0
2022-01-31,0.1,-7.3,-3.6,57.8,0.0,3.1,47,0.0
2022-02-01,3.0,-9.0,-1.3,80.3,3.0,2.5,105,45.5
2022-02-02,5.0,-12.0,-4.4,68.0,0.0,1.8,169,0.0
2022-02-03,4.0,-9.0,-2.6,77.6,0.0,1.3,58,0.0
2022-02-04,13.0,-2.0,5.6,63.8,3.5,3.9,170,0.0
2022-02-05,5.0,-1.0,1.7,70.0,5.0,3.6,154,34.5
2022-02-06,6.0,-4.4,0.7,60.6,0.0,3.4,157,0.0
2022-02-07,5.0,-4.6,0.3,56.9,0.0,3.1,177,0.0
2022-02-08,10.0,-6.3,0.4,55.0,0.0,2.8,179,0.0
2022-02-09,14.0,-6.0,2.1,50.9,0.0,2.2,153,0.0
2022-02-10,13.0,-6.0,2.8,56.9,1.5,2.7,140,0.0
2022-02-11,9.0,-1.9,3.4,79.7,1.0,2.4,168,1.0
2022-02-12,4.0,-2.2,1.1,96.2,6.0,2.2,129,40.5
2022-02-13,11.0,-5.0,1.7,75.8,0.0,1.6,189,0.0
2022-02-14,10.0,-5.0,1.7,71.2,0.0,1.6,192,0.0
2022-02-15,12.0,-6.0,2.4,69.0,0.0,1.6,192,0.0
2022-02-16,10.0,-3.0,3.6,65.8,0.0,2.0,161,0.0
2022-02-17,9.0,-2.0,3.0,70.5,0.0,1.8,162,0.0
2022-02-18,10.0,-3.0,2.5,69.0,0.0,1.8,78,0.0
2022-02-19,8.0,-1.0,2.2,76.5,6.5,2.9,44,0.0
2022-02-20,7.0,0.2,3.4,90.9,12.5,4.1,84,3.0
2022-02-21,9.0,0.0,3.0,83.6,0.0,3.5,172,0.0
2022-02-22,12.0,-2.0,4.1,69.2,0.0,2.7,208,0.0
2022-02-23,15.0,-1.0,5.8,62.0,0.0,1.8,178,0.0
2022-02-24,16.0,-1.0,6.3,56.9,0.0,1.7,212,0.0
2022-02-25,14.0,-1.0,6.3,69.9,1.0,3.5,190,1.0
2022-02-26,12.0,1.0,8.0,56.4,7.0,4.4,140,0.0
2022-02-27,13.0,-3.0,4.0,61.3,0.0,2.1,219,0.0
2022-02-28,14.0,-4.0,4.9,54.1,0.0,1.9,172,0.0
2022-03-01,14.0,-3.0,6.0,47.8,0.0,1.7,152,0.0
2022-03-02,14.0,2.0,7.5,49.8,0.0,2.3,66,0.0
2022-03-03,16.0,4.0,9.0,60.3,2.5,4.5,84,0.0
2022-03-04,10.0,0.3,7.3,52.2,7.5,7.5,206,0.0
2022-03-05,9.0,-0.7,4.6,33.7,0.0,4.5,189,0.0
2022-03-06,10.0,-1.0,5.1,51.4,2.6,3.7,99,0.0
2022-03-07,10.0,1.4,5.3,76.8,6.6,3.4,133,2.4
2022-03-08,13.0,1.0,5.9,71.6,0.5,3.2,219,1.0
2022-03-09,13.0,-2.0,5.8,62.9,2.5,3.3,147,0.0
2022-03-10,18.0,3.9,11.8,47.0,6.3,5.4,107,0.0
2022-03-11,16.0,7.2,12.1,49.2,6.5,5.8,132,0.0
2022-03-12,10.0,2.0,6.6,32.8,0.0,5.5,63,0.0
2022-03-13,16.0,2.9,10.3,26.2,0.0,5.9,250,0.0
2022-03-14,16.0,2.4,10.2,38.7,0.0,4.5,249,0.0
2022-03-15,13.0,0.0,7.3,42.2,0.5,3.5,243,0.0
2022-03-16,7.0,-3.0,3.8,44.0,0.0,4.8,244,0.0
2022-03-17,8.0,-6.0,0.8,37.3,0.0,3.7,259,0.0
2022-03-18,9.0,-4.0,2.6,33.4,0.0,2.3,198,0.0
2022-03-19,5.5,-1.8,1.6,41.0,0.0,3.1,239,0.0
2022-03-20,16.0,1.1,9.3,32.3,0.0,5.1,227,0.0
2022-03-21,17.0,1.0,10.4,37.6,1.5,3.5,263,0.0
2022-03-22,10.0,3.0,6.6,73.2,4.2,2.8,150,0.0
2022-03-23,17.0,1.0,8.1,66.0,0.0,2.5,267,0.0
2022-03-24,16.0,2.0,8.8,52.7,2.2,5.0,182,0.0
2022-03-25,9.0,-3.0,5.0,34.7,0.0,3.8,232,0.0
2022-03-26,9.0,-2.0,3.4,49.7,0.8,3.5,148,14.3
2022-03-27,11.0,-5.0,3.2,48.0,0.0,3.8,267,0.0
2022-03-28,14.0,-4.0,5.7,33.2,0.0,4.0,281,0.0
2022-03-29,17.0,-4.0,6.6,35.0,0.0,2.1,283,0.0
2022-03-30,21.0,-6.0,8.7,33.0,0.0,1.6,285,0.0
2022-03-31,19.0,5.0,12.4,35.8,1.0,2.3,271,0.0
2022-04-01,21.0,2.0,11.7,47.0,0.0,1.7,289,0.0
2022-04-02,18.3,8.3,13.6,27.1,0.0,2.3,290,0.0
2022-04-03,25.0,4.0,15.9,28.8,0.0,2.3,291,0.0
2022-04-04,25.0,5.0,16.0,25.9,0.0,3.0,242,0.0
2022-04-05,21.0,3.0,12.7,23.0,0.0,2.6,292,0.0
2022-04-06,21.0,3.0,13.8,25.6,0.0,2.8,198,0.0
2022-04-07,23.0,7.0,15.2,24.5,0.0,5.0,234,0.0
2022-04-08,23.0,9.0,16.3,27.0,0.0,4.0,129,0.0
2022-04-09,19.0,10.0,15.0,37.2,2.5,5.2,109,0.0
2022-04-10,18.0,3.0,11.0,50.2,0.0,3.2,303,0.0
2022-04-11,23.0,3.0,13.7,33.4,0.0,3.2,289,0.0
2022-04-12,23.0,7.0,15.8,26.0,0.0,3.2,273,0.0
2022-04-13,23.0,13.0,19.0,13.0,0.0,4.9,310,0.0
2022-04-14,23.0,9.0,16.3,14.9,0.0,2.4,198,0.0
2022-04-15,20.0,7.0,13.0,51.5,2.2,2.5,299,0.0
2022-04-16,19.0,4.0,11.7,39.0,0.0,3.0,315,0.0
2022-04-17,17.0,0.0,9.0,38.9,1.0,2.9,306,0.0
2022-04-18,18.0,0.0,9.4,36.0,0.0,1.7,318,0.0
2022-04-19,25.0,3.0,14.4,27.2,0.0,1.5,298,0.0
2022-04-20,27.0,9.0,17.4,32.3,0.5,2.6,270,0.0
2022-04-21,25.0,9.0,18.2,26.2,1.0,3.2,287,0.0
2022-04-22,24.0,4.0,15.1,30.2,0.0,1.9,324,0.0
2022-04-23,25.0,4.0,15.2,22.5,0.0,2.2,324,0.0
2022-04-24,24.0,4.0,14.9,25.8,1.5,3.1,106,0.0
2022-04-25,18.0,11.0,13.0,61.7,11.4,2.2,89,0.0
2022-04-26,19.0,7.9,12.1,79.3,3.4,2.1,209,0.0
2022-04-27,20.0,8.0,12.2,76.7,3.8,1.9,252,0.0
2022-04-28,19.0,5.0,12.6,68.2,0.5,2.1,187,0.0
2022-04-29,17.0,9.0,12.6,73.6,8.2,1.7,143,0.0
2022-04-30,20.0,10.0,14.2,68.0,10.1,2.4,184,0.0
2022-05-01,19.0,6.0,12.9,64.6,14.7,2.2,266,0.0
2022-05-02,15.0,5.0,9.9,80.0,9.8,2.2,156,0.0
2022-05-03,20.0,6.7,13.1,63.9,1.7,2.6,312,0.0
2022-05-04,24.0,6.0,16.2,45.9,0.0,2.8,329,0.0
2022-05-05,24.0,11.0,17.7,34.6,0.5,4.5,317,0.0
2022-05-06,23.0,9.0,16.2,37.5,0.0,3.8,339,0.0
2022-05-07,22.0,10.1,16.2,24.8,0.0,5.5,340,0.0
2022-05-08,18.0,5.4,12.7,29.7,0.0,3.6,338,0.0
2022-05-09,19.0,3.0,12.1,37.5,0.0,2.6,342,0.0
2022-05-10,12.9,4.6,9.3,46.0,2.0,3.3,281,0.0
2022-05-11,22.0,4.0,14.1,36.1,0.0,2.9,347,0.0
2022-05-12,21.0,5.0,14.4,33.8,0.0,3.6,330,0.0
2022-05-13,18.0,4.0,11.2,50.8,0.0,2.7,311,0.0
2022-05-14,22.0,2.0,12.6,45.5,0.0,2.1,350,0.0
2022-05-15,28.0,4.0,17.0,32.7,0.0,2.2,338,0.0
2022-05-16,28.0,10.0,20.2,27.6,0.0,4.7,340,0.0
2022-05-17,26.0,6.0,17.0,23.7,0.0,2.5,338,0.0
2022-05-18,24.0,6.0,16.3,31.9,0.0,3.1,353,0.0
2022-05-19,26.0,7.0,17.2,28.9,0.0,2.9,354,0.0
2022-05-20,27.0,8.0,18.3,26.0,0.0,3.6,354,0.0
2022-05-21,26.0,12.0,18.6,22.6,0.0,3.7,337,0.0
2022-05-22,28.0,4.0,16.6,29.8,0.0,2.1,295,0.0
2022-05-23,29.0,8.0,19.6,26.7,0.0,4.3,335,0.0
2022-05-24,24.0,7.0,16.8,26.5,0.0,2.9,357,0.0
2022-05-25,24.0,10.3,17.5,34.3,0.0,3.1,352,0.0
2022-05-26,25.0,8.0,17.3,32.8,0.0,2.5,358,0.0
2022-05-27,26.0,7.0,17.5,30.5,0.0,2.1,359,0.0
2022-05-28,26.0,7.0,17.2,32.9,0.0,2.4,307,0.0
2022-05-29,25.0,8.0,17.2,35.7,0.0,2.4,308,0.0
2022-05-30,28.0,7.0,18.8,36.5,0.0,2.0,338,0.0
2022-05-31,30.0,7.0,20.5,28.5,0.0,2.4,303,0.0
2022-06-01,31.0,11.0,21.0,23.2,0.0,2.5,315,0.0
2022-06-02,32.0,10.0,22.4,22.8,0.0,2.6,306,0.0
2022-06-03,31.0,11.0,20.7,30.7,0.0,2.1,299,0.0
2022-06-04,26.6,14.4,20.6,26.5,0.0,2.1,268,0.0
2022-06-05,26.9,15.7,20.1,30.3,0.5,2.0,283,0.0
2022-06-06,26.8,14.9,20.1,31.5,0.0,2.5,326,0.0
2022-06-07,27.4,15.3,21.3,25.5,0.0,4.1,279,0.0
2022-06-08,27.9,17.8,22.2,18.1,0.0,5.6,364,0.0
2022-06-09,26.4,14.8,20.5,20.2,0.0,3.8,364,0.0
2022-06-10,25.8,13.6,19.3,19.3,0.0,3.5,364,0.0
2022-06-11,31.0,10.0,21.4,23.0,0.0,2.4,364,0.0
2022-06-12,32.0,11.0,22.7,29.0,0.0,2.1,363,0.0
2022-06-13,31.0,14.0,24.1,23.4,0.0,2.8,363,0.0
2022-06-14,30.0,15.0,22.2,19.8,0.0,3.5,365,0.0
2022-06-15,25.9,12.1,19.1,22.0,0.0,2.9,365,0.0
2022-06-16,31.0,10.0,21.7,20.3,0.0,2.2,365,0.0
2022-06-17,33.0,10.0,23.4,22.3,0.0,2.0,365,0.0
2022-06-18,37.0,12.0,24.7,24.9,0.0,2.2,365,0.0
2022-06-19,36.0,16.8,26.7,18.8,0.0,2.0,365,0.0
2022-06-20,35.0,15.0,26.4,22.8,0.0,2.2,345,0.0
2022-06-21,36.0,16.0,26.0,24.9,0.0,2.1,363,0.0
2022-06-22,32.0,13.0,24.4,16.4,0.0,3.3,365,0.0
2022-06-23,30.0,12.0,22.5,20.7,0.0,2.6,365,0.0
2022-06-24,30.0,14.0,22.8,29.3,0.0,2.1,365,0.0
2022-06-25,32.0,12.0,23.1,23.6,0.0,1.9,364,0.0
2022-06-26,33.0,15.0,24.9,19.7,0.0,3.9,364,0.0
2022-06-27,34.0,13.0,23.7,20.1,0.0,2.4,364,0.0
2022-06-28,35.0,12.0,24.8,19.6,0.0,2.4,364,0.0
2022-06-29,36.0,12.0,24.5,15.7,0.0,2.4,364,0.0
2022-06-30,37.0,15.0,26.5,14.2,0.0,2.3,363,0.0
2022-07-01,38.0,15.0,26.9,21.3,0.0,2.1,363,0.0
2022-07-02,38.0,17.0,27.7,18.9,0.0,2.8,363,0.0
2022-07-03,32.0,16.0,24.0,29.5,0.0,3.2,362,0.0
2022-07-04,30.0,14.0,22.0,38.8,0.0,3.2,362,0.0
2022-07-05,31.0,14.0,22.5,36.7,0.0,2.9,361,0.0
2022-07-06,32.0,17.0,24.8,27.9,0.0,4.1,361,0.0
2022-07-07,36.0,19.0,26.9,21.3,0.0,3.7,361,0.0
2022-07-08,35.0,16.0,25.6,23.1,0.0,2.1,360,0.0
2022-07-09,34.0,18.0,26.0,27.6,0.0,2.7,360,0.0
2022-07-10,36.0,15.0,26.4,22.0,0.0,3.1,359,0.0
2022-07-11,38.0,16.0,28.2,19.1,0.0,2.6,355,0.0
2022-07-12,38.0,18.0,28.7,18.2,0.0,3.3,297,0.0
2022-07-13,37.0,20.0,29.0,14.3,0.0,5.1,356,0.0
2022-07-14,35.0,17.0,26.7,13.7,0.0,3.4,357,0.0
2022-07-15,33.0,15.0,25.7,15.8,0.0,4.0,357,0.0
2022-07-16,35.0,15.0,25.8,17.6,0.0,3.6,356,0.0
2022-07-17,35.0,14.0,25.7,15.3,0.0,3.2,355,0.0
2022-07-18,31.3,18.7,24.9,11.9,0.0,3.4,355,0.0
2022-07-19,36.0,15.0,27.7,13.6,0.0,4.3,354,0.0
2022-07-20,37.0,15.0,27.6,15.3,0.0,2.9,353,0.0
2022-07-21,37.0,17.0,28.5,15.7,0.0,3.1,349,0.0
2022-07-22,35.0,16.0,27.1,14.2,0.0,2.4,352,0.0
2022-07-23,36.0,15.0,25.1,15.2,0.0,2.7,351,0.0
2022-07-24,31.3,14.9,23.3,9.9,0.0,3.0,350,0.0
2022-07-25,32.0,15.0,24.2,26.1,0.0,2.3,349,0.0
2022-07-26,35.0,14.0,25.8,28.8,0.0,2.1,348,0.0
2022-07-27,36.0,16.0,26.7,26.3,0.0,1.8,348,0.0
2022-07-28,37.0,17.0,26.5,15.8,0.0,1.8,347,0.0
2022-07-29,35.0,18.0,26.7,42.7,0.0,2.6,343,0.0
2022-07-30,33.0,17.0,24.3,53.2,0.0,2.9,331,0.0
2022-07-31,35.0,17.0,26.3,39.4,0.0,2.6,339,0.0
2022-08-01,34.0,17.0,26.5,36.7,0.0,2.7,312,0.0
2022-08-02,36.0,17.0,27.0,28.1,0.0,1.8,311,0.0
2022-08-03,36.0,16.0,28.0,20.2,0.0,2.0,312,0.0
2022-08-04,37.0,17.0,28.1,19.5,0.0,2.4,328,0.0
2022-08-05,37.0,16.0,27.7,18.9,0.0,1.8,333,0.0
2022-08-06,38.0,16.0,27.5,25.1,3.0,2.5,325,0.0
2022-08-07,37.0,18.0,27.8,28.5,0.0,2.0,329,0.0
2022-08-08,37.0,18.0,29.2,23.9,0.0,2.5,334,0.0
2022-08-09,37.0,18.0,28.3,20.9,0.0,2.6,328,0.0
2022-08-10,36.0,18.0,27.3,33.9,0.5,2.9,327,0.0
2022-08-11,37.0,18.0,28.3,30.3,0.5,3.7,326,0.0
2022-08-12,37.0,18.0,28.6,24.5,0.0,3.9,329,0.0
2022-08-13,35.0,20.0,27.3,14.8,0.0,4.5,329,0.0
2022-08-14,36.0,15.0,26.9,14.9,0.0,3.3,328,0.0
2022-08-15,36.0,15.0,26.8,16.5,0.0,2.6,327,0.0
2022-08-16,38.0,17.0,28.5,14.7,0.0,2.2,309,0.0
2022-08-17,36.0,17.0,27.1,14.6,0.0,3.3,316,0.0
2022-08-18,34.0,14.0,25.2,17.4,0.0,2.2,321,0.0
2022-08-19,34.0,13.0,24.6,14.8,0.0,2.5,282,0.0
2022-08-20,33.0,13.0,24.4,18.2,0.0,3.2,264,0.0
2022-08-21,32.0,12.0,22.8,21.0,0.0,2.8,279,0.0
2022-08-22,34.0,15.0,24.5,20.0,0.0,2.6,259,0.0
2022-08-23,32.0,13.0,24.2,21.5,0.0,4.2,307,0.0
2022-08-24,31.0,14.0,22.9,22.5,0.0,3.6,314,0.0
2022-08-25,31.0,12.0,22.1,20.9,0.0,2.9,312,0.0
2022-08-26,31.0,10.0,21.5,19.8,0.0,3.2,310,0.0
2022-08-27,31.0,10.0,21.1,16.6,0.0,2.7,309,0.0
2022-08-28,26.1,14.1,20.2,14.4,0.0,2.9,307,0.0
2022-08-29,31.0,10.0,21.3,18.3,0.0,1.9,306,0.0
2022-08-30,31.0,11.0,21.8,15.3,0.0,2.3,304,0.0
2022-08-31,32.0,11.0,22.3,15.1,0.0,2.0,302,0.0
2022-09-01,31.0,10.0,21.9,15.8,0.0,1.6,300,0.0
2022-09-02,33.0,12.0,22.2,15.9,0.0,1.7,299,0.0
2022-09-03,32.0,12.0,22.8,15.0,0.0,2.0,297,0.0
2022-09-04,28.2,14.5,21.2,13.0,0.0,2.2,295,0.0
2022-09-05,34.0,12.0,23.2,14.1,0.0,1.8,294,0.0
2022-09-06,33.0,12.0,23.5,16.1,0.0,1.9,292,0.0
2022-09-07,33.0,14.0,23.6,18.6,0.0,1.9,289,0.0
2022-09-08,33.0,15.0,24.6,20.3,0.0,2.2,287,0.0
2022-09-09,32.0,14.0,23.9,21.8,0.0,3.2,286,0.0
2022-09-10,31.0,10.0,21.1,17.7,0.0,1.9,285,0.0
2022-09-11,30.0,8.0,20.1,19.2,0.0,1.8,283,0.0
2022-09-12,31.0,9.0,20.6,29.8,0.0,2.4,281,0.0
2022-09-13,32.0,8.0,20.7,26.5,0.0,2.3,270,0.0
2022-09-14,32.0,11.0,23.1,19.1,0.0,3.4,277,0.0
2022-09-15,30.0,14.0,22.3,21.0,0.0,2.6,275,0.0
2022-09-16,30.0,11.0,20.6,20.0,0.0,1.8,273,0.0
2022-09-17,31.0,9.0,20.2,21.8,0.0,2.0,271,0.0
2022-09-18,31.0,10.0,21.6,23.5,0.0,2.1,255,0.0
2022-09-19,32.0,12.0,22.5,21.9,0.0,2.0,213,0.0
2022-09-20,28.0,14.0,21.4,20.6,0.0,2.1,245,0.0
2022-09-21,29.0,10.0,17.7,21.0,0.0,1.9,239,0.0
2022-09-22,24.5,13.8,18.4,27.8,0.0,1.8,254,0.0
2022-09-23,24.4,13.8,18.8,27.0,0.0,3.5,255,0.0
2022-09-24,26.0,12.8,19.7,24.0,0.0,3.2,258,0.0
2022-09-25,25.9,14.4,19.9,18.7,0.0,2.4,256,0.0
2022-09-26,26.3,11.4,18.4,24.2,0.0,3.1,254,0.0
2022-09-27,26.1,13.4,18.9,19.0,0.0,3.1,251,0.0
2022-09-28,25.5,12.6,18.4,14.8,0.0,2.3,249,0.0
2022-09-29,26.0,12.8,19.2,14.6,0.0,1.4,247,0.0
2022-09-30,25.9,13.0,19.3,14.3,0.0,1.6,245,0.0
2022-10-01,25.1,13.0,18.7,17.9,0.0,1.8,243,0.0
2022-10-02,23.6,11.1,16.8,30.5,0.0,2.2,240,0.0
2022-10-03,23.0,10.9,16.3,24.8,0.0,3.9,239,0.0
2022-10-04,21.1,10.6,15.6,22.3,0.0,2.7,237,0.0
2022-10-05,22.9,9.2,15.9,16.8,0.0,1.1,235,0.0
2022-10-06,23.5,11.5,17.1,16.2,0.0,1.8,233,0.0
2022-10-07,28.0,6.0,17.4,20.3,0.0,2.1,226,0.0
2022-10-08,26.0,6.0,16.3,26.8,0.0,2.2,224,0.0
2022-10-09,27.0,6.0,16.3,29.7,0.0,1.6,226,0.0
2022-10-10,26.0,5.0,16.7,26.6,0.0,2.4,207,0.0
2022-10-11,26.0,7.0,16.6,24.6,0.0,3.0,222,0.0
2022-10-12,25.0,5.0,14.1,16.9,0.0,1.9,220,0.0
2022-10-13,24.0,3.0,13.9,15.7,0.0,1.8,147,0.0
2022-10-14,24.0,6.0,15.9,19.9,0.0,2.0,213,0.0
2022-10-15,26.0,10.0,17.1,23.5,0.0,2.0,211,0.0
2022-10-16,27.0,7.0,16.4,23.4,0.0,1.9,209,0.0
2022-10-17,26.0,7.0,15.9,22.5,0.0,1.9,174,0.0
2022-10-18,26.0,5.0,15.7,22.5,0.0,1.7,207,0.0
2022-10-19,25.0,5.0,14.4,34.1,0.0,2.2,205,0.0
2022-10-20,24.0,4.0,14.3,37.5,0.0,1.7,71,0.0
2022-10-21,25.0,8.0,17.0,22.2,0.0,2.9,177,0.0
2022-10-22,20.0,8.0,14.0,41.9,0.0,2.2,176,0.0
2022-10-23,24.0,3.0,13.9,44.4,0.0,2.6,194,0.0
2022-10-24,23.0,5.0,13.8,38.4,0.0,2.8,150,0.0
2022-10-25,23.0,6.0,14.9,37.0,0.0,2.3,177,0.0
2022-10-26,25.0,3.0,13.0,39.3,0.0,1.8,192,0.0
2022-10-27,24.0,5.0,14.2,34.0,0.0,2.1,183,0.0
2022-10-28,22.0,7.0,15.5,37.1,0.5,2.4,178,0.0
2022-10-29,21.0,7.0,15.1,31.4,0.0,2.2,109,0.0
2022-10-30,21.0,2.0,11.9,36.7,0.0,2.1,140,0.0
2022-10-31,19.0,9.0,14.0,43.9,1.1,2.5,168,0.0
2022-11-01,20.0,8.9,14.9,40.1,1.5,4.4,180,0.0
2022-11-02,18.0,2.0,10.5,55.1,0.0,2.1,166,0.0
2022-11-03,16.0,1.0,9.2,46.6,0.0,2.4,171,0.0
2022-11-04,16.0,0.0,7.7,41.0,0.0,1.9,176,0.0
2022-11-05,16.0,0.0,7.7,35.8,0.0,1.9,174,0.0
2022-11-06,16.0,-1.0,6.6,30.0,0.0,2.5,173,0.0
2022-11-07,15.0,-1.0,6.3,33.8,0.0,1.7,171,0.0
2022-11-08,14.0,-3.0,5.0,43.1,0.0,2.4,92,0.0
2022-11-09,15.0,-2.0,6.3,47.3,0.0,1.8,157,0.0
2022-11-10,14.0,2.0,6.5,67.8,2.9,1.5,156,0.0
2022-11-11,15.0,0.0,6.5,72.0,0.1,1.9,133,0.0
2022-11-12,14.0,1.0,6.9,72.0,3.4,1.3,110,0.0
2022-11-13,14.0,-2.0,5.0,66.8,0.0,1.6,161,0.0
2022-11-14,15.0,-3.0,5.2,47.5,0.0,1.6,160,0.0
2022-11-15,15.0,-3.0,4.8,38.9,0.0,2.0,158,0.0
2022-11-16,9.0,-4.0,3.5,53.5,8.5,1.4,45,0.0
2022-11-17,14.0,2.0,6.2,88.0,5.1,2.3,40,0.0
2022-11-18,15.0,1.0,6.6,65.8,0.0,2.4,147,0.0
2022-11-19,13.0,-2.0,4.7,67.0,0.0,1.6,153,0.0
2022-11-20,14.0,-3.0,5.3,61.6,0.0,1.7,152,0.0
2022-11-21,16.0,-4.0,4.8,60.5,0.0,1.7,150,0.0
2022-11-22,13.0,-4.0,3.9,56.8,0.0,1.0,91,0.0
2022-11-23,14.0,-2.0,5.5,49.0,0.0,1.5,54,0.0
2022-11-24,15.0,-2.0,5.2,49.9,0.0,1.5,139,0.0
2022-11-25,13.0,0.0,6.4,58.9,9.1,1.7,86,2.7
2022-11-26,14.0,6.0,10.2,58.2,1.2,4.2,134,0.0
2022-11-27,13.0,0.0,9.2,43.5,0.0,3.2,124,0.0
2022-11-28,11.0,-3.0,3.8,63.1,0.0,1.8,54,0.0
2022-11-29,13.0,-4.0,4.8,59.6,0.0,1.1,124,0.0
2022-11-30,11.0,1.0,6.0,61.2,2.2,1.3,103,0.0
2022-12-01,10.0,1.0,5.1,81.3,5.4,1.5,120,1.0
2022-12-02,12.0,2.0,6.3,82.5,0.0,1.5,126,0.0
2022-12-03,12.0,-3.0,3.7,79.3,0.0,1.4,133,0.0
2022-12-04,6.0,-4.0,1.4,79.4,0.0,1.8,95,0.0
2022-12-05,4.0,1.0,1.8,72.5,0.0,2.1,102,0.0
2022-12-06,4.0,-2.0,1.3,79.7,0.0,1.6,130,0.0
2022-12-07,8.0,-1.0,3.2,68.0,0.0,1.3,125,0.0
2022-12-08,8.0,-6.0,0.3,72.9,0.0,1.5,41,0.0
2022-12-09,7.0,-7.0,-0.8,74.6,0.0,1.7,134,0.0
2022-12-10,6.0,-6.0,-0.3,78.2,0.0,1.5,89,0.0
2022-12-11,7.0,-6.0,0.3,69.1,0.0,1.2,130,0.0
2022-12-12,7.0,-9.0,-0.7,67.1,0.4,1.5,47,0.0
2022-12-13,11.0,1.0,6.7,58.0,5.2,2.4,73,0.0
2022-12-14,7.0,3.0,4.9,84.1,4.4,1.6,60,5.5
2022-12-15,6.0,1.0,3.6,91.1,0.2,1.2,40,0.0
2022-12-16,7.0,-1.0,3.3,88.8,7.1,1.1,114,0.0
2022-12-17,8.0,-3.0,2.3,86.9,0.0,1.3,117,0.0
2022-12-18,10.0,-2.0,2.4,85.0,0.0,1.4,130,0.0
2022-12-19,8.0,-6.0,0.5,78.4,0.0,1.3,131,0.0
2022-12-20,8.0,-9.0,-1.0,79.5,0.0,1.4,131,0.0
2022-12-21,6.0,-6.0,-1.5,87.3,0.0,1.4,121,0.0
2022-12-22,4.0,-7.0,-1.6,92.2,1.9,1.4,83,22.9
2022-12-23,6.0,-1.0,2.0,89.1,4.0,2.1,81,18.7
2022-12-24,1.0,-1.0,0.0,98.3,15.5,3.4,23,213.3
2022-12-25,4.0,-2.0,0.0,95.9,3.9,1.5,98,52.8
2022-12-26,3.0,-4.0,-0.8,85.5,0.0,2.0,108,0.0
2022-12-27,0.0,-8.0,-3.1,86.4,0.0,1.4,122,0.0
2022-12-28,1.0,-6.0,-2.4,79.8,0.0,1.6,132,0.0
2022-12-29,3.0,-9.0,-3.7,76.8,0.0,1.4,132,0.0
2022-12-30,4.0,-8.0,-2.7,77.7,0.0,1.4,133,0.0
2022-12-31,3.0,-9.0,-3.7,81.7,0.0,1.2,139,0.0
2023-01-01,4.0,-9.0,-3.4,77.2,0.0,1.5,133,0.0
2023-01-02,-1.0,-12.0,-7.2,92.3,0.0,1.1,134,0.0
2023-01-03,0.0,-12.0,-6.7,86.0,0.0,1.2,134,0.0
2023-01-04,-2.0,-11.0,-6.0,87.0,5.1,1.0,43,101.8
2023-01-05,1.0,-5.0,-1.8,94.9,3.6,1.1,17,81.0
2023-01-06,5.0,-2.0,0.3,87.7,0.0,1.5,111,0.0
2023-01-07,5.0,-7.0,-0.4,71.2,1.2,2.4,118,18.8
2023-01-08,6.0,-3.0,1.5,66.7,0.6,2.2,96,9.9
2023-01-09,4.0,-2.0,0.8,68.6,1.1,2.4,58,0.2
2023-01-10,0.0,-3.0,-1.6,81.4,0.1,1.4,64,0.9
2023-01-11,1.0,-4.0,-1.4,75.6,0.0,2.7,92,0.0
2023-01-12,1.0,-5.0,-1.9,70.4,0.0,4.0,134,0.0
2023-01-13,1.0,-6.0,-3.4,74.3,0.0,2.4,142,0.0
2023-01-14,-3.0,-8.0,-5.2,90.0,2.4,1.1,84,58.6
2023-01-15,-2.0,-6.0,-4.4,94.7,7.7,1.3,124,190.8
2023-01-16,-5.0,-11.0,-8.1,94.7,0.0,1.5,139,0.0
2023-01-17,-3.0,-12.0,-7.5,95.3,0.0,1.1,42,0.0
2023-01-18,-4.0,-7.0,-5.4,95.7,0.0,1.5,147,0.0
2023-01-19,-2.0,-18.0,-10.5,89.5,0.0,1.5,149,0.0
2023-01-20,-6.0,-23.0,-16.4,84.5,0.0,1.1,150,0.0
2023-01-21,-7.0,-22.0,-16.3,81.7,0.0,1.0,151,0.0
2023-01-22,-5.0,-22.0,-14.8,85.1,0.0,1.1,152,0.0
2023-01-23,-3.0,-19.0,-9.3,86.0,0.0,1.1,121,0.0
2023-01-24,0.0,-8.0,-4.7,88.8,0.0,1.3,137,0.0
2023-01-25,-1.0,-11.0,-5.5,89.7,0.0,1.4,149,0.0
2023-01-26,-3.0,-11.0,-5.9,91.3,0.0,1.5,147,0.0
2023-01-27,-1.0,-7.0,-4.0,92.0,0.0,1.3,121,0.0
2023-01-28,-3.0,-11.0,-7.0,89.5,0.7,1.3,69,15.9
2023-01-29,4.0,-7.0,-1.0,86.9,3.8,2.0,126,92.8
2023-01-30,6.0,-2.0,2.4,74.1,9.6,2.7,99,47.3
2023-01-31,8.0,0.0,2.6,90.3,17.8,2.8,53,137.3
2023-02-01,6.0,-5.0,0.3,73.8,0.6,2.0,134,9.5
2023-02-02,5.0,-5.0,-1.0,74.9,1.4,2.6,148,11.2
2023-02-03,2.0,-7.0,-1.3,62.8,0.0,2.6,150,0.0
2023-02-04,2.0,-10.0,-4.6,69.9,0.0,2.4,171,0.0
2023-02-05,6.0,-8.0,-0.4,59.9,0.0,2.9,168,0.0
2023-02-06,8.0,-5.0,1.5,69.0,2.6,1.6,117,20.4
2023-02-07,7.0,0.0,3.1,75.6,5.2,2.6,162,14.8
2023-02-08,2.0,-5.0,-0.4,79.3,3.2,3.0,155,41.1
2023-02-09,-1.0,-10.0,-4.1,77.4,1.0,2.1,129,25.0
2023-02-10,-3.0,-13.0,-8.2,73.8,0.0,1.7,184,0.0
2023-02-11,0.0,-13.0,-6.8,77.4,0.0,1.4,181,0.0
2023-02-12,1.0,-5.0,-3.1,90.8,7.6,1.1,19,154.1
2023-02-13,-1.0,-12.0,-5.8,90.4,0.0,1.4,128,0.0
2023-02-14,-4.0,-16.0,-10.1,90.3,0.1,1.0,134,4.1
2023-02-15,4.0,-8.0,-3.2,81.5,0.5,1.4,114,12.6
2023-02-16,2.0,-13.0,-5.2,70.5,0.0,2.5,174,0.0
2023-02-17,0.0,-13.0,-7.7,70.3,0.0,2.1,198,0.0
2023-02-18,0.0,-16.0,-8.4,76.1,0.0,1.5,200,0.0
2023-02-19,7.0,-14.0,-4.0,64.8,0.0,1.8,202,0.0
2023-02-20,8.0,-6.0,0.8,56.2,0.0,2.9,204,0.0
2023-02-21,9.0,-5.0,2.4,53.3,0.0,2.7,206,0.0
2023-02-22,12.0,0.0,6.0,44.5,0.0,3.5,208,0.0
2023-02-23,12.0,-1.0,6.5,45.4,0.0,3.1,210,0.0
2023-02-24,11.0,-1.0,5.3,57.1,0.0,2.7,212,0.0
2023-02-25,11.0,-3.0,3.7,73.7,0.0,1.8,210,0.0
2023-02-26,13.0,-2.0,4.9,68.4,0.0,1.8,217,0.0
2023-02-27,16.0,-2.0,5.9,61.0,0.0,1.8,219,0.0
2023-02-28,14.0,-2.0,5.5,59.1,0.0,1.4,221,0.0
2023-03-01,15.0,-3.0,5.3,55.0,0.0,1.6,225,0.0
2023-03-02,16.0,-1.0,7.0,48.8,0.0,1.9,227,0.0
2023-03-03,16.0,-1.0,8.1,44.1,0.0,2.2,175,0.0
2023-03-04,17.0,6.0,12.6,36.1,0.0,5.4,215,0.0
2023-03-05,18.0,2.0,11.3,33.3,0.0,3.0,186,0.0
2023-03-06,20.0,5.0,13.9,31.0,0.0,5.4,234,0.0
2023-03-07,15.0,7.0,11.4,62.2,15.6,4.1,139,0.0
2023-03-08,11.0,3.0,6.8,81.6,14.0,1.9,47,0.0
2023-03-09,14.0,7.0,9.5,74.0,40.1,3.5,71,0.0
2023-03-10,13.0,4.0,8.6,64.2,4.5,3.3,235,0.0
2023-03-11,16.0,0.0,6.9,62.1,0.0,1.7,246,0.0
2023-03-12,19.0,-1.0,9.1,51.8,0.0,2.3,248,0.0
2023-03-13,12.0,6.0,9.0,74.3,11.5,2.3,74,0.0
2023-03-14,16.0,6.0,10.5,80.8,0.0,1.6,155,0.0
2023-03-15,19.0,4.0,12.1,64.8,0.5,4.2,240,0.0
2023-03-16,14.0,6.0,9.7,48.8,3.4,3.6,248,0.0
2023-03-17,14.0,5.0,9.1,49.7,0.2,3.6,181,0.0
2023-03-18,17.0,0.0,8.4,52.3,0.0,2.2,261,0.0
2023-03-19,16.0,1.0,8.1,54.6,4.8,3.7,196,0.0
2023-03-20,17.0,2.0,10.0,55.0,1.0,3.2,244,0.0
2023-03-21,10.0,3.0,6.8,62.1,3.9,4.1,110,0.0
2023-03-22,6.0,2.0,3.7,84.3,7.5,3.7,51,29.0
2023-03-23,10.0,2.0,5.3,73.1,0.1,2.0,201,0.6
2023-03-24,15.0,0.0,7.7,68.3,0.7,1.3,157,4.9
2023-03-25,17.0,1.0,10.2,60.0,1.0,2.3,272,0.0
2023-03-26,13.0,3.0,8.1,73.7,11.2,3.3,70,0.0
2023-03-27,14.0,4.0,8.6,72.8,6.0,2.0,197,0.0
2023-03-28,16.0,6.0,10.5,62.5,1.6,3.1,269,0.0
2023-03-29,19.0,3.0,10.9,54.0,0.0,2.7,275,0.0
2023-03-30,18.0,3.0,12.8,32.8,1.0,3.6,282,0.0
2023-03-31,14.0,4.0,9.2,52.9,7.7,4.6,232,0.0
2023-04-01,7.0,-1.0,3.4,40.5,0.0,4.6,245,0.0
2023-04-02,12.0,-3.0,4.7,40.7,0.0,4.6,291,0.0
2023-04-03,15.0,-2.0,7.0,48.9,0.0,3.6,235,0.0
2023-04-04,17.0,1.0,10.0,47.2,0.0,2.4,289,0.0
2023-04-05,21.0,2.0,12.7,39.0,0.0,3.0,294,0.0
2023-04-06,20.0,5.0,13.9,32.7,0.5,4.5,286,0.0
2023-04-07,20.0,8.0,15.0,22.7,0.0,5.0,300,0.0
2023-04-08,20.0,1.0,11.9,29.8,0.0,4.0,296,0.0
2023-04-09,21.0,10.0,15.5,24.5,1.0,4.0,236,0.0
2023-04-10,23.0,5.0,13.9,36.8,0.0,2.0,100,0.0
2023-04-11,22.0,7.0,14.8,36.0,0.5,4.0,166,0.0
2023-04-12,16.0,11.0,13.7,48.9,16.9,6.7,132,0.0
2023-04-13,13.0,6.0,9.5,68.8,20.2,5.0,207,0.0
2023-04-14,13.0,3.0,7.5,53.5,1.7,4.0,287,0.0
2023-04-15,17.0,1.0,8.9,55.4,0.0,2.5,243,0.0
2023-04-16,19.0,2.0,10.5,54.0,0.0,1.8,198,0.0
2023-04-17,19.0,3.0,11.6,52.0,0.0,2.5,303,0.0
2023-04-18,22.0,3.0,13.0,49.8,0.0,1.8,315,0.0
2023-04-19,23.0,4.0,13.7,44.1,0.0,1.9,320,0.0
2023-04-20,23.0,6.0,14.6,40.3,0.0,2.5,321,0.0
2023-04-21,21.0,8.0,14.8,41.3,1.2,3.3,159,0.0
2023-04-22,22.0,6.0,13.5,50.5,1.4,3.4,231,0.0
2023-04-23,21.0,4.0,11.8,58.4,3.5,3.5,174,0.0
2023-04-24,22.0,5.0,13.0,64.0,1.5,2.7,212,0.0
2023-04-25,19.0,8.0,12.9,66.2,6.5,3.4,111,0.0
2023-04-26,21.0,4.0,13.3,53.6,0.0,2.6,325,0.0
2023-04-27,23.0,3.0,13.8,44.6,0.0,2.2,331,0.0
2023-04-28,24.0,5.0,15.0,39.5,0.0,2.3,331,0.0
2023-04-29,24.0,7.0,16.2,39.9,0.5,2.5,295,0.0
2023-04-30,22.0,7.0,16.3,35.1,0.5,3.8,285,0.0
2023-05-01,20.0,8.0,13.9,39.8,0.0,3.6,332,0.0
2023-05-02,20.0,1.0,11.5,32.9,0.0,2.4,337,0.0
2023-05-03,19.0,3.0,12.2,31.5,0.0,3.8,338,0.0
2023-05-04,16.0,-1.0,9.3,34.2,0.0,3.6,335,0.0
2023-05-05,21.0,1.0,11.7,36.3,0.0,1.9,341,0.0
2023-05-06,26.0,3.0,15.2,30.8,0.0,2.2,341,0.0
2023-05-07,28.0,6.0,18.3,25.9,0.0,2.7,327,0.0
2023-05-08,26.0,11.0,20.0,20.6,0.0,5.0,340,0.0
2023-05-09,21.0,6.0,12.7,50.7,7.0,3.3,124,0.0
2023-05-10,21.0,6.0,13.0,65.3,0.0,3.4,331,0.0
2023-05-11,25.0,5.0,15.5,53.9,0.0,1.8,270,0.0
2023-05-12,27.0,7.0,17.7,38.9,0.0,2.3,342,0.0
2023-05-13,28.0,8.0,19.7,32.3,1.5,3.4,281,0.0
2023-05-14,22.0,10.0,17.0,36.3,0.5,4.9,319,0.0
2023-05-15,22.0,9.0,15.5,37.7,0.0,4.8,350,0.0
2023-05-16,18.0,3.0,11.5,45.6,0.0,3.2,351,0.0
2023-05-17,24.0,3.0,14.4,37.5,0.0,2.5,340,0.0
2023-05-18,26.0,8.0,18.0,29.3,1.0,3.6,311,0.0
2023-05-19,27.0,10.0,18.7,34.6,1.0,2.5,229,0.0
2023-05-20,25.0,11.0,17.7,48.6,3.1,3.1,231,0.0
2023-05-21,23.0,9.0,14.2,73.0,14.4,4.2,249,0.0
2023-05-22,24.0,9.0,15.8,65.8,0.0,2.1,222,0.0
2023-05-23,26.0,8.0,17.8,52.2,0.0,1.8,351,0.0
2023-05-24,28.0,11.0,19.8,45.7,0.0,2.8,238,0.0
2023-05-25,26.0,12.0,17.6,59.8,3.5,3.1,162,0.0
2023-05-26,24.0,10.0,15.2,74.0,5.7,2.9,297,0.0
2023-05-27,25.0,8.0,17.1,61.8,0.0,2.0,341,0.0
2023-05-28,27.0,10.0,18.5,54.4,0.2,1.8,176,0.0
2023-05-29,28.0,11.0,19.9,45.7,1.1,2.4,231,0.0
2023-05-30,28.0,15.0,21.0,49.9,2.6,2.8,122,0.0
2023-05-31,26.0,14.0,19.1,59.5,5.7,2.5,232,0.0
2023-06-01,27.0,10.0,19.1,49.0,0.0,2.5,361,0.0
2023-06-02,27.0,8.0,19.3,38.6,0.0,3.3,359,0.0
2023-06-03,28.0,10.0,20.2,39.2,0.0,2.7,356,0.0
2023-06-04,30.0,13.0,22.5,30.3,0.0,2.2,355,0.0
2023-06-05,32.0,14.0,23.4,29.4,0.5,2.7,296,0.0
2023-06-06,29.0,14.0,22.0,32.9,2.0,2.8,318,0.0
2023-06-07,29.0,12.0,21.3,35.2,0.5,2.5,140,0.0
2023-06-08,26.0,12.0,18.1,59.3,5.0,3.1,218,0.0
2023-06-09,25.0,10.0,17.4,63.9,0.0,2.0,322,0.0
2023-06-10,28.0,11.0,20.3,50.0,0.5,2.0,337,0.0
2023-06-11,29.0,15.0,21.7,39.2,0.0,3.2,356,0.0
2023-06-12,31.0,12.0,21.8,37.6,0.0,2.4,357,0.0
2023-06-13,31.0,14.0,23.5,32.6,0.0,2.6,356,0.0
2023-06-14,30.0,13.0,22.4,31.8,0.0,2.9,365,0.0
2023-06-15,30.0,11.0,21.4,30.4,0.0,2.4,365,0.0
2023-06-16,30.0,12.0,22.0,28.3,0.0,2.2,365,0.0
2023-06-17,30.0,13.0,23.1,29.1,0.0,2.5,365,0.0
2023-06-18,31.0,13.0,22.8,25.9,0.0,2.6,365,0.0
2023-06-19,33.0,11.0,22.7,19.0,0.0,2.5,365,0.0
2023-06-20,32.0,9.0,22.4,17.9,0.0,2.4,365,0.0
2023-06-21,32.0,11.0,22.2,17.9,0.0,2.1,365,0.0
2023-06-22,32.0,13.0,23.5,20.0,0.0,2.4,365,0.0
2023-06-23,32.0,12.0,23.6,20.4,0.0,2.6,365,0.0
2023-06-24,32.0,14.0,23.7,22.4,0.0,2.5,365,0.0
2023-06-25,31.0,13.0,22.8,28.0,0.0,2.8,349,0.0
2023-06-26,34.0,14.0,24.9,29.0,0.0,2.1,363,0.0
2023-06-27,35.0,15.0,26.0,24.6,0.0,2.6,364,0.0
2023-06-28,35.0,15.0,25.5,18.7,0.0,2.2,364,0.0
2023-06-29,35.0,15.0,25.5,16.9,0.0,2.3,364,0.0
2023-06-30,33.0,14.0,24.8,19.6,0.0,2.7,363,0.0
2023-07-01,32.0,14.0,24.2,22.8,0.0,2.6,363,0.0
2023-07-02,33.0,15.0,24.7,23.9,0.0,2.3,363,0.0
2023-07-03,33.0,15.0,25.4,26.9,0.0,2.5,361,0.0
2023-07-04,36.0,16.0,26.7,24.9,0.0,3.4,359,0.0
2023-07-05,37.0,17.0,27.5,23.3,0.0,4.1,362,0.0
2023-07-06,34.0,18.0,26.3,22.7,0.0,4.8,361,0.0
2023-07-07,35.0,16.0,26.8,23.3,0.0,4.6,361,0.0
2023-07-08,36.0,15.0,27.8,22.6,0.0,3.8,360,0.0
2023-07-09,34.0,15.0,26.4,19.8,0.0,3.1,360,0.0
2023-07-10,34.0,14.0,25.1,18.3,0.0,2.7,359,0.0
2023-07-11,34.0,15.0,25.6,22.1,0.0,2.4,359,0.0
2023-07-12,35.0,14.0,26.6,23.8,0.0,2.1,358,0.0
2023-07-13,38.0,16.0,28.4,23.8,0.0,3.9,357,0.0
2023-07-14,39.0,17.0,30.0,15.9,0.0,4.2,356,0.0
2023-07-15,37.1,18.0,28.5,17.6,0.0,3.3,357,0.0
2023-07-16,35.0,17.0,27.2,15.5,0.0,3.0,356,0.0
2023-07-17,34.0,15.0,26.4,15.0,0.0,2.5,355,0.0
2023-07-18,34.0,15.0,25.3,25.8,0.0,2.2,354,0.0
2023-07-19,35.0,16.0,25.9,31.0,0.0,2.1,350,0.0
2023-07-20,36.0,18.0,27.7,29.4,0.0,3.4,328,0.0
2023-07-21,37.0,17.0,28.2,25.5,0.0,3.3,351,0.0
2023-07-22,38.0,17.0,28.1,21.7,0.0,3.0,350,0.0
2023-07-23,37.0,21.0,29.9,16.7,0.0,5.3,328,0.0
2023-07-24,38.0,18.0,28.3,19.7,0.0,3.1,347,0.0
2023-07-25,36.0,15.0,26.8,19.3,0.0,2.5,348,0.0
2023-07-26,34.0,17.0,25.9,22.8,0.0,2.3,344,0.0
2023-07-27,35.0,17.0,26.8,27.6,0.0,1.8,303,0.0
2023-07-28,36.0,17.0,27.7,26.3,0.0,1.8,246,0.0
2023-07-29,36.0,19.0,28.5,20.9,0.0,3.2,269,0.0
2023-07-30,35.0,21.0,29.5,18.2,0.0,5.1,294,0.0
2023-07-31,36.0,18.0,28.1,21.7,0.0,3.1,293,0.0
2023-08-01,36.0,17.0,27.6,15.0,0.0,2.4,342,0.0
2023-08-02,37.0,17.0,27.5,17.1,0.0,2.2,339,0.0
2023-08-03,37.0,19.0,29.1,15.6,0.0,2.7,338,0.0
2023-08-04,36.0,18.0,28.8,16.6,0.0,3.6,277,0.0
2023-08-05,36.0,19.0,28.5,16.5,0.0,4.6,295,0.0
2023-08-06,37.0,17.0,28.0,18.8,0.0,2.6,283,0.0
2023-08-07,36.0,20.0,27.6,16.7,0.0,2.8,301,0.0
2023-08-08,34.0,16.0,25.3,28.6,0.0,3.2,276,0.0
2023-08-09,34.0,16.0,26.1,32.0,0.0,2.8,326,0.0
2023-08-10,34.0,15.0,26.3,25.3,0.0,2.4,333,0.0
2023-08-11,34.0,16.0,26.2,19.0,0.0,2.7,332,0.0
2023-08-12,35.0,14.0,25.8,16.8,0.0,2.3,330,0.0
2023-08-13,34.0,14.0,25.2,18.9,0.0,2.8,329,0.0
2023-08-14,33.0,14.0,24.3,23.0,0.0,3.4,328,0.0
2023-08-15,31.0,14.0,23.8,18.8,0.0,3.2,327,0.0
2023-08-16,32.0,11.0,22.9,16.0,0.0,2.7,325,0.0
2023-08-17,33.0,12.0,23.9,15.3,0.0,2.4,324,0.0
2023-08-18,33.0,17.0,25.4,16.3,0.0,3.2,234,0.0
2023-08-19,33.0,17.0,25.3,22.3,0.0,2.6,246,0.0
2023-08-20,34.0,18.0,26.1,22.9,0.0,2.3,283,0.0
2023-08-21,33.0,18.0,26.0,24.0,0.0,2.4,267,0.0
2023-08-22,35.0,15.0,25.7,19.7,0.0,2.2,313,0.0
2023-08-23,36.0,17.0,26.9,16.5,0.0,2.2,268,0.0
2023-08-24,36.0,15.0,26.2,15.2,0.0,2.3,314,0.0
2023-08-25,37.0,14.0,25.7,12.2,0.0,2.4,312,0.0
2023-08-26,35.0,14.0,24.8,16.5,0.0,2.5,310,0.0
2023-08-27,33.0,15.0,24.1,34.8,0.0,2.7,309,0.0
2023-08-28,34.0,15.0,25.0,29.1,0.0,2.0,307,0.0
2023-08-29,32.0,13.0,24.2,22.4,0.0,3.7,281,0.0
2023-08-30,30.0,14.0,23.3,24.3,0.0,2.0,304,0.0
2023-08-31,30.0,14.0,22.8,34.9,0.0,2.3,298,0.0
2023-09-01,32.0,14.0,23.9,30.0,0.0,2.1,289,0.0
2023-09-02,35.0,14.0,25.5,25.7,0.0,2.6,277,0.0
2023-09-03,35.0,14.0,26.2,23.0,0.0,1.8,247,0.0
2023-09-04,35.0,17.0,25.9,20.0,0.0,2.6,271,0.0
2023-09-05,34.0,14.0,24.4,19.4,0.0,2.0,291,0.0
2023-09-06,34.0,14.0,24.4,17.3,0.0,1.9,264,0.0
2023-09-07,35.0,15.0,25.2,16.1,0.0,2.3,288,0.0
2023-09-08,33.0,12.0,23.8,11.3,0.0,2.4,288,0.0
2023-09-09,32.0,11.0,22.5,14.0,0.0,3.0,286,0.0
2023-09-10,32.0,14.0,23.6,18.0,0.0,3.5,285,0.0
2023-09-11,32.0,13.0,24.1,17.3,0.0,3.3,283,0.0
2023-09-12,31.0,14.0,23.5,15.3,0.0,3.0,281,0.0
2023-09-13,31.0,13.0,23.1,23.7,0.0,2.7,262,0.0
2023-09-14,33.0,13.0,23.4,23.5,0.0,3.7,277,0.0
2023-09-15,28.0,14.0,20.5,36.8,0.0,2.5,275,0.0
2023-09-16,29.0,10.0,20.5,31.2,0.0,1.7,273,0.0
2023-09-17,31.0,11.0,21.0,31.0,0.0,1.9,272,0.0
2023-09-18,30.0,10.0,20.0,24.0,0.0,2.0,270,0.0
2023-09-19,29.0,8.0,19.1,27.8,0.0,2.3,268,0.0
2023-09-20,29.0,9.0,19.5,35.4,0.0,3.1,266,0.0
2023-09-21,30.0,9.0,20.0,28.7,0.0,2.2,264,0.0
2023-09-22,30.0,9.0,19.7,28.7,0.0,2.7,262,0.0
2023-09-23,30.0,10.0,20.0,24.6,0.0,3.7,260,0.0
2023-09-24,30.0,9.0,19.2,25.5,0.0,3.0,257,0.0
2023-09-25,29.0,7.0,18.6,25.7,0.0,2.3,252,0.0
2023-09-26,29.0,9.0,19.0,22.7,0.0,2.0,242,0.0
2023-09-27,27.0,9.0,18.1,21.3,0.0,2.1,251,0.0
2023-09-28,26.0,8.0,17.1,28.8,0.0,2.0,249,0.0
2023-09-29,26.0,8.0,17.1,28.2,0.0,2.0,247,0.0
2023-09-30,28.0,7.0,17.8,26.9,0.0,2.1,245,0.0
2023-10-01,25.0,6.0,16.5,25.5,0.0,2.0,97,0.0
2023-10-02,22.0,13.0,17.3,34.5,0.0,3.4,94,0.0
2023-10-03,23.0,11.0,16.7,43.7,0.0,4.0,150,0.0
2023-10-04,22.0,12.0,15.7,53.6,4.7,4.2,87,0.0
2023-10-05,22.0,7.0,14.2,49.5,0.0,2.7,175,0.0
2023-10-06,24.0,3.0,14.3,35.3,0.0,1.9,227,0.0
2023-10-07,25.0,6.0,14.3,46.8,0.0,2.5,205,0.0
2023-10-08,25.0,7.0,15.5,57.2,0.0,1.7,226,0.0
2023-10-09,26.0,8.0,16.9,30.4,0.0,3.4,226,0.0
2023-10-10,25.0,9.0,17.3,33.2,1.0,3.3,179,0.0
2023-10-11,25.0,8.0,16.9,42.1,1.1,3.1,217,0.0
2023-10-12,25.0,11.0,17.0,50.0,1.4,2.9,150,0.0
2023-10-13,26.0,7.0,14.1,65.0,0.0,2.1,217,0.0
2023-10-14,23.0,4.0,14.1,34.8,0.0,2.1,216,0.0
2023-10-15,25.0,4.0,14.5,33.8,0.0,2.1,197,0.0
2023-10-16,22.0,10.0,15.6,41.7,2.5,3.3,199,0.0
2023-10-17,21.0,3.0,12.2,44.3,0.0,2.2,209,0.0
2023-10-18,22.0,4.0,12.9,40.8,0.0,1.8,207,0.0
2023-10-19,22.0,8.0,15.8,35.5,0.0,2.7,204,0.0
2023-10-20,23.0,7.0,14.7,42.8,0.0,1.5,202,0.0
2023-10-21,23.0,5.0,14.0,39.3,0.0,1.7,201,0.0
2023-10-22,22.0,6.0,14.0,39.5,0.0,1.7,195,0.0
2023-10-23,22.0,3.0,12.9,35.9,0.0,1.6,181,0.0
2023-10-24,22.0,3.0,13.5,31.1,0.0,2.3,103,0.0
2023-10-25,19.0,8.0,12.7,44.0,0.5,2.2,189,0.0
2023-10-26,21.0,4.0,12.5,46.8,0.0,1.9,187,0.0
2023-10-27,22.0,5.0,12.3,37.6,0.0,2.1,172,0.0
2023-10-28,21.0,2.0,11.7,31.4,0.0,2.3,73,0.0
2023-10-29,23.0,3.0,12.5,31.5,0.0,1.5,170,0.0
2023-10-30,22.0,4.0,12.6,33.0,0.0,1.7,70,0.0
2023-10-31,15.0,7.0,11.0,55.5,6.7,2.1,59,0.0
2023-11-01,15.0,9.0,11.2,87.3,9.7,2.0,82,0.0
2023-11-02,13.0,6.0,8.8,96.7,13.6,1.8,110,0.0
2023-11-03,17.0,6.0,10.7,83.9,1.2,1.7,116,0.0
2023-11-04,16.0,7.0,10.6,79.6,6.9,2.8,140,0.0
2023-11-05,16.0,5.0,9.8,79.2,4.8,1.6,174,0.0
2023-11-06,18.0,3.0,9.7,71.7,0.0,1.7,173,0.0
2023-11-07,18.0,3.0,9.9,61.4,0.0,2.2,171,0.0
2023-11-08,19.0,2.0,9.8,64.4,0.0,1.5,169,0.0
2023-11-09,20.0,2.0,10.0,62.0,0.0,1.4,168,0.0
2023-11-10,20.0,4.0,11.3,48.8,0.0,1.7,139,0.0
2023-11-11,19.0,3.0,11.1,51.6,0.0,1.6,130,0.0
2023-11-12,19.0,3.0,10.3,56.6,0.0,1.4,101,0.0
2023-11-13,19.0,3.0,10.3,53.7,0.0,1.1,64,0.0
2023-11-14,20.0,1.0,9.9,48.7,0.0,1.6,160,0.0
2023-11-15,12.0,4.0,8.0,55.7,8.0,1.9,43,0.0
2023-11-16,15.0,5.0,9.8,69.8,0.3,1.7,82,0.0
2023-11-17,16.0,3.0,9.2,62.7,0.0,2.7,124,0.0
2023-11-18,15.0,3.0,8.8,57.3,0.0,2.6,146,0.0
2023-11-19,18.0,-1.0,8.3,54.8,0.0,2.0,153,0.0
2023-11-20,12.0,6.0,8.3,71.3,16.5,4.7,35,0.0
2023-11-21,8.0,2.0,5.0,64.4,3.2,4.2,100,0.0
2023-11-22,10.0,-2.0,2.8,61.3,0.0,1.8,149,0.0
2023-11-23,11.0,-2.0,3.7,75.0,0.0,1.2,53,0.0
2023-11-24,13.0,0.0,5.5,60.2,0.0,1.8,147,0.0
2023-11-25,14.0,-2.0,5.5,62.5,0.5,1.4,76,0.0
2023-11-26,15.0,2.0,8.6,54.5,2.0,2.4,135,0.0
2023-11-27,16.0,6.0,11.4,49.5,0.0,3.6,130,0.0
2023-11-28,13.0,2.0,9.4,55.7,0.2,3.0,112,0.0
2023-11-29,12.0,-1.0,4.4,72.7,0.0,1.6,139,0.0
2023-11-30,16.0,-2.0,4.9,67.9,0.0,1.4,139,0.0
2023-12-01,15.0,-2.0,5.6,55.0,0.5,1.3,69,1.0
